Date,NIFTY CLOSE,NIFTY Volume,BANKNIFTY Close,BANKNIFTY Volume,HDFCBANK Close,HDFCBANK Volume,ICICIBANK Close,ICICIBANK Volume,KOTAKBANK Close,KOTAKBANK Volume,AXISBANK Close,AXISBANK Volume,SBIN Close,SBIN Volume,IDFC Close,IDFC Volume
2020-03-27,8660.25,801500,19969,539400,904.450012,27617968,339.850006,72889985,1399.099976,10223286,359.75,71042591,195.949997,114740377,22.4,47411153
2020-03-30,8281.099609,593300,18782.400391,327000,831.650024,19634222,313.399994,36559880,1293.699951,5570325,368.149994,61772544,186.899994,60081554,21,22687587
2020-03-31,8597.75,712700,19144,309800,861.900024,17605546,323.75,46279768,1296.050049,4476861,379,34637148,196.850006,59543412,21.1,21613556
2020-04-01,8253.799805,506300,18208.349609,274900,829.650024,14551752,311.149994,33141186,1181.650024,10838462,358.649994,27744593,186.550003,52954239,20.6,16262129
2020-04-03,8083.799805,697000,17249.300781,342500,813.849976,17498140,286.649994,57326314,1140.849976,10111471,325.450012,41317365,175.5,64448494,19.65,20511276
2020-04-07,8792.200195,814200,19062.5,435400,896.099976,30206319,326.100006,57661076,1198.050049,8552570,388.850006,48093237,186.399994,72130500,20.450001,24229979
2020-04-08,8748.75,896500,18946.449219,508400,888.900024,28109676,318.950012,73931321,1187.650024,7405087,391.350006,64930598,183,80435759,20.549999,28579301
2020-04-09,9111.900391,742100,19913.599609,390000,925.049988,22228573,342.700012,52431174,1272.900024,8097402,420.149994,44090546,187.75,62416005,22.049999,36905344
2020-04-13,8993.849609,644000,19488,288200,895.349976,17079028,330.649994,30994190,1250.900024,4250536,418.950012,33431643,183.5,51847146,22.200001,23720789
2020-04-15,8925.299805,879100,19057.050781,389900,863.299988,28989376,327.350006,49132329,1173.75,9045676,417.299988,48315019,182.350006,72190004,22.6,31375707
2020-04-16,8992.799805,719400,19400,350300,879.75,26927198,342,56494027,1130.849976,11055205,422.549988,42344330,188.5,61165773,24.15,29164320
2020-04-17,9266.75,684200,20681.449219,475000,910.299988,27941731,375.549988,69006835,1186.25,8585395,478.799988,47831797,193.25,89851063,26.4,42573127
2020-04-20,9261.849609,726400,20522.650391,438600,944.849976,33116493,361.299988,55810736,1177.75,6560180,455.950012,42163627,192.5,81958510,24.85,33178006
2020-04-21,8981.450195,655100,19409.349609,311900,921.650024,16589003,331.850006,50118175,1130.150024,4799796,420.649994,33572119,184.75,53042420,23.700001,19565270
2020-04-22,9187.299805,734400,19701.849609,349400,928.599976,19144677,335.950012,49115085,1152.150024,6963692,431.149994,36619611,188.699997,61503413,23.950001,23366864
2020-04-23,9313.900391,666700,20267.949219,325400,954.950012,20450611,352.950012,45953398,1249.650024,10558247,430.049988,29418000,186.699997,50955312,23.700001,21211789
2020-04-24,9154.400391,659400,19586.650391,305700,938.049988,16642284,334.850006,38513206,1239.550049,6784235,403.950012,35773252,179.75,65137305,22.200001,21877221
2020-04-27,9282.299805,512800,20081.150391,299900,929.700012,13710536,347.899994,38980019,1303.599976,7771412,427.299988,35986805,180.899994,42996571,22.1,24062496
2020-04-28,9380.900391,614500,20671.099609,367800,931.400024,14720718,359.850006,32933194,1326.650024,6678388,455.450012,43938246,184.300003,49590230,22.25,33115480
2020-04-29,9553.349609,653000,21090.199219,400600,977.099976,27938889,370.450012,39341745,1327.849976,6703229,439.100006,61499689,190.100006,57470466,22,33307506
2020-04-30,9859.900391,931200,21534.5,471500,1001.799988,21896567,380.149994,45734705,1357.199951,6272522,444.899994,40382553,190.5,63063889,21.9,64983951
2020-05-04,9293.5,687500,19743.75,328800,923,13361162,338.049988,38837299,1277.800049,5096439,402.799988,37853978,178.850006,58118177,20.6,43679962
2020-05-05,9205.599609,725200,19271.75,381300,911.450012,14836429,330.850006,45069968,1238.349976,5004841,389,50981056,170.399994,91050439,20.65,37217110
2020-05-06,9270.900391,722200,19694.550781,395600,946.400024,16892923,341.399994,49952812,1245.949951,4604274,388.850006,67511628,171.100006,73156432,20.950001,23675251
2020-05-07,9199.049805,708700,19491.800781,300100,925,10915865,336.75,27656346,1199.800049,6843272,397.350006,41339309,170.75,42942399,20.75,18457925
2020-05-08,9251.5,609100,19352.900391,0,929.049988,10403742,337.700012,42968091,1217.449951,3511204,382.049988,33505509,166.649994,55932236,20.299999,18679396
2020-05-11,9239.200195,704600,18950.5,342600,915.799988,14275392,320.149994,83665601,1188.449951,4674081,379.549988,30141935,165.449997,54591827,20.4,16237779
2020-05-12,9196.549805,805500,18862.849609,395400,901.549988,24784209,321.200012,69072308,1157.199951,10268550,386.850006,38411107,166.899994,70752542,20.200001,21908839
2020-05-13,9383.549805,846400,19634.949219,520800,927.650024,22173483,338.049988,72816461,1186.699951,11914924,414,48206058,174.100006,81720683,21.85,62984654
2020-05-14,9142.75,602600,19068.5,333000,893.700012,19777445,327.399994,33999095,1173.099976,7099970,401.950012,31604212,167.949997,48136531,20.9,23879102
2020-05-15,9136.849609,575900,18833.949219,240600,888.150024,12174814,322.700012,31828868,1178.300049,3863980,388.549988,25435025,166.399994,35495540,20.85,20750937
2020-05-18,8823.25,773000,17573.199219,434800,836.650024,23324982,298.5,74034133,1113.650024,6397416,358.799988,47864748,155.300003,77349435,19.85,29865752
2020-05-19,8879.099609,762200,17486.25,415500,830.650024,23730346,300.299988,61827491,1130.449951,6382921,354.5,42889678,152.800003,71522334,19.6,23707805
2020-05-20,9066.549805,622300,17840.199219,326200,857.099976,20007153,305.649994,42238419,1160.099976,5254388,362.5,30720803,153.399994,66168767,19.25,29605143
2020-05-21,9106.25,631500,17735.099609,347600,859.549988,24239454,304.399994,43075357,1150.25,5977128,357.200012,24794914,151.949997,61147471,18.85,32782570
2020-05-22,9039.25,675800,17278.900391,484800,838.849976,21023716,291.049988,80358245,1160.199951,5189748,336.950012,48367892,150.850006,87064198,18.85,44776597
2020-05-26,9029.049805,655000,17440.349609,336800,852.400024,19002576,292.700012,46681705,1153.199951,5470797,341.299988,30692834,151.399994,48275988,19.85,66949520
2020-05-27,9314.950195,763500,18710.550781,538000,903.650024,28012877,318.850006,80541990,1217.550049,11745366,387,72430787,158.600006,88195120,20.4,59008008
2020-05-28,9490.099609,837900,19169.800781,561100,945.25,37744403,326.850006,66136408,1229.449951,10710003,390.950012,72693713,158.199997,76968678,20.25,42272688
2020-05-29,9580.299805,967000,19297.25,581700,951.650024,26512583,331.950012,60487477,1224,5497352,384.950012,51056390,161.300003,58363280,22.1,153770598
2020-06-01,9826.150391,794200,19959.900391,558100,987.650024,19595115,339.25,44024770,1248.400024,6943576,396.950012,44252980,170.050003,92740893,23.65,87008276
2020-06-02,9979.099609,770200,20530.199219,448300,1001,20811797,348.399994,47558213,1342.900024,17320030,410.100006,37508638,170.25,70419104,23.85,43697158
2020-06-03,10061.549805,794700,20940.699219,616900,1022.25,25273044,356.850006,69689299,1386.550049,12344415,409.549988,49055899,174.899994,113168889,23.700001,52944266
2020-06-04,10029.099609,775100,20390.449219,587900,1001.700012,27137941,347.850006,57061575,1334.400024,6004144,394.350006,45553578,174.050003,83494674,22.9,46327532
2020-06-05,10142.150391,987100,21034.5,637400,1033.349976,17597992,357.200012,37251097,1337.800049,5688117,405.299988,39002875,187.800003,201321234,24.25,54649110
2020-06-08,10167.450195,936500,21187.349609,748100,1015.900024,24906332,359.799988,46827341,1336.75,5302297,430.25,60387580,186.800003,151741826,25.75,119106733
2020-06-09,10046.650391,754200,20724.900391,641200,987.299988,30922073,348.549988,47621969,1304.150024,5477333,420.049988,46273705,184.449997,96654191,25.049999,64338558
2020-06-10,10116.150391,632400,21100.099609,583000,991.849976,18248865,353,36292403,1332.25,4876360,427.450012,36163051,187.699997,67333317,25.75,53591069
2020-06-11,9902,715500,20525.150391,747100,968.599976,15448857,341.25,36999490,1298.699951,4376813,413.450012,45562670,177.149994,91726802,24.9,129412353
2020-06-12,9972.900391,796300,20654.550781,599200,982.75,21322438,344.200012,47509067,1279.800049,8992424,408,47813512,179.149994,92758901,25.85,71081741
2020-06-15,9813.700195,716100,19912.900391,0,949.849976,16004968,331.100006,43500660,1248.900024,7553579,389.600006,39577100,173.699997,63613412,25.25,50735434
2020-06-16,9914,899900,20296.699219,0,990.400024,22699985,342.950012,57511237,1276.800049,5266292,381.549988,96186227,172.899994,63925976,24.9,49241528
2020-06-17,9881.150391,685400,20201.75,0,979.25,18478919,341.950012,37107002,1243.800049,5429264,389.600006,56949066,172.949997,73866905,25.450001,42802465
2020-06-18,10091.650391,622900,20956.300781,0,1019.950012,20435063,352,39285919,1303.349976,6672522,405.399994,43773580,179.649994,58261857,25.6,33649570
2020-06-19,10244.400391,892100,21338.099609,0,1033.349976,23938876,363.799988,51367236,1302.5,8492615,417.049988,52085319,184.5,76895151,25.85,46559261
2020-06-22,10311.200195,685400,21708.349609,664600,1028.75,14847237,367.549988,40133602,1355.349976,7633867,430.149994,40454004,187.699997,80023958,28.25,120038974
2020-06-23,10471,669200,22264.900391,527900,1042.300049,14415256,376.149994,32493320,1389.900024,4669825,443.649994,30757220,192.449997,65487085,28.4,73659207
2020-06-24,10305.299805,854800,21426.800781,684600,1032.5,19714623,348.100006,57955780,1343.900024,5332617,424.649994,33577082,184.600006,74668987,27.549999,66869148
2020-06-25,10288.900391,994200,21506.150391,586200,1028.75,35323395,351,69902888,1381.699951,9985038,421.700012,49853200,185.25,73620385,27,55206290
2020-06-26,10383,671900,21592.050781,375600,1056.449951,19984569,349.100006,34596104,1340.099976,6694196,424.850006,32610915,184.600006,49176958,26.799999,37680167
2020-06-29,10312.400391,574500,21359,328000,1076.050049,23002978,343.100006,27384244,1355.650024,3819681,404.799988,36319455,179.25,50966428,25.950001,37896592
2020-06-30,10302.099609,556200,21370.150391,292700,1065.849976,17873065,351.450012,47526095,1360.449951,4777664,406.649994,26951915,178.449997,43613239,25.700001,27748897
2020-07-01,10430.049805,573600,21977.599609,386000,1084.599976,17423359,364.049988,36922617,1356.75,8939585,433.25,53380512,184.800003,54012853,26.35,28075891
2020-07-02,10551.700195,597400,21953.199219,399000,1089.400024,18477248,362.850006,50964311,1352,4992982,423.200012,50362770,185.449997,52127276,26.799999,30550978
2020-07-03,10607.349609,525200,21852.400391,256200,1073.949951,13798627,361,28779044,1353.800049,2768103,428.450012,31044457,184.699997,38048810,26.75,19119155
2020-07-06,10763.650391,571200,22198.949219,290900,1103,17779108,361.850006,33334074,1367.900024,3248073,434,18424079,188.050003,43773740,27.200001,26200197
2020-07-07,10799.650391,636800,22628,455800,1105.150024,12174925,376.049988,46030825,1368.25,3574288,447.350006,37991679,188.600006,55124494,28.25,47507693
2020-07-08,10705.75,767900,22584.650391,673100,1110.349976,15028175,368.950012,46315597,1352.75,3383105,444.149994,45877067,191.899994,143063102,27.9,46766330
2020-07-09,10813.450195,618700,22907.199219,356000,1124.949951,10057242,370.350006,35144463,1368.150024,3445915,453.75,29162679,199.100006,89539723,28.049999,23983566
2020-07-10,10768.049805,590700,22398.449219,457100,1105.099976,8781489,360.350006,27864858,1349.349976,3017959,439.600006,25676354,195.600006,111406477,27.1,48585194
2020-07-13,10802.700195,554100,22089.25,293700,1080.25,14961057,353.600006,32379935,1335.550049,3356697,440.049988,21326370,192.699997,61949761,26.9,28711076
2020-07-14,10607.349609,532400,21392.199219,338500,1058.849976,13306337,345.549988,34031256,1298.300049,2914943,417.700012,25685579,186.050003,62239932,25.9,38728372
2020-07-15,10618.200195,715900,21340.75,359100,1053.150024,10487197,345.799988,30442553,1290,4372543,426.649994,43250557,183.800003,58527305,25.25,35103547
2020-07-16,10739.950195,694400,21597.150391,348600,1062.550049,11831228,344.649994,35535437,1322.650024,4204057,434,30183647,186.25,46546803,25.6,42598839
2020-07-17,10901.700195,676900,21966.800781,294900,1098.449951,14202869,353.799988,27511781,1327.449951,4200163,433.100006,33464985,188.199997,47035238,26.549999,36946648
2020-07-20,11022.200195,554300,22321.849609,349700,1133.050049,32562048,363,36312529,1319.050049,3481742,434,30400586,190.75,45672856,27.299999,47559259
2020-07-21,11162.25,772000,22782,316700,1138.550049,23756211,378.799988,45559912,1359,4404245,446.200012,43147019,194.399994,59281860,27.1,25082983
2020-07-22,11132.599609,765100,22882.599609,412700,1126.349976,12359006,381.100006,45500191,1342.349976,4172575,478.950012,89611937,192,62276152,27,35042540
2020-07-23,11215.450195,621600,23083.900391,307600,1130.400024,10074561,392.25,37838027,1374.050049,4308719,460.850006,40249567,198.25,70801412,27.299999,23826407
2020-07-24,11194.150391,678900,22662.050781,436300,1119.099976,9799220,381.799988,52980980,1350,3112378,445.600006,30566635,191.949997,65265493,28.450001,80929998
2020-07-27,11131.799805,588100,21848.75,340900,1079.5,18985047,358.5,73275058,1322.599976,7560839,431.549988,21924237,187.149994,50697767,27.35,44907638
2020-07-28,11300.549805,683900,22105.199219,379800,1086.650024,17798225,352.100006,125939354,1384.050049,6751771,437.049988,33057573,189.449997,51488617,27.85,33793369
2020-07-29,11202.849609,600700,22076.599609,400400,1064.599976,16796043,351.049988,50194622,1389.449951,4067790,440.899994,24404819,191.199997,73763368,28.200001,63681563
2020-07-30,11102.150391,677800,21646.849609,299600,1050.650024,13478133,344.950012,40820253,1385,6097103,425.850006,26861618,186.550003,48472816,27,46893079
2020-07-31,11073.450195,642600,21640.050781,397300,1032.800049,18863348,346.799988,37345191,1365.75,3223070,431.649994,27499638,191.449997,145892485,26.6,39199184
2020-08-03,10891.599609,680900,21072.099609,431000,1002,15891771,343.25,32119883,1308.550049,5241260,417.350006,23824107,192.25,72454278,26.1,39698250
2020-08-04,11095.25,625700,21490.5,0,1041.650024,30153084,351,30811518,1323.949951,4946596,429.149994,24746211,191.600006,43866676,26.799999,32812037
2020-08-05,11101.650391,667600,21509.949219,338800,1027.550049,16610680,352.200012,37057881,1334.199951,3475602,434.950012,36932321,191.449997,68888892,26.950001,28301730
2020-08-06,11200.150391,600400,21642.599609,386600,1040.699951,16823444,358.75,48021824,1340.099976,3677830,433,33465135,190.949997,59740172,26.950001,31892462
2020-08-07,11214.049805,452600,21754,378600,1043.849976,12418392,357.950012,28510964,1342.5,2807069,433.299988,15569399,190.649994,44822338,28.4,58143987
2020-08-10,11270.150391,492000,21900.25,261800,1050.650024,11086427,363.549988,22856010,1360.199951,2960056,431.100006,14888044,193.800003,48784530,28.4,30298949
2020-08-11,11322.5,586100,22227.199219,377900,1066.650024,10068074,367.350006,45446107,1364.599976,2502925,448,30469633,195.050003,43890305,30.299999,94328118
2020-08-12,11308.400391,609900,22264,507500,1063.699951,10333216,366.850006,25706005,1335.099976,3840190,451.100006,23184137,203.300003,157818228,31.049999,75620399
2020-08-13,11300.450195,562400,22196.349609,289100,1059.050049,9946370,368.049988,26257336,1336.25,3331328,448.100006,21885850,201.899994,70443118,31.35,50572796
2020-08-14,11178.400391,645100,21679.400391,318800,1034.449951,10462256,361.399994,28893259,1307.449951,3331502,435.850006,36725538,196.5,56169088,30.25,43443289
2020-08-17,11247.099609,634000,21700.849609,263400,1032.75,9780506,360.200012,24232497,1327.550049,2831340,438.149994,30198343,193.100006,54787889,29.5,35287064
2020-08-18,11385.349609,579200,22170.599609,0,1056.5,12020412,369.549988,26517363,1369.349976,4261949,445.799988,21768516,195.100006,46294169,31.299999,64838527
2020-08-19,11408.400391,626200,22285.900391,0,1066.599976,8857812,374.450012,35790233,1355.599976,3396764,444.200012,18127671,197.050003,59296062,31.15,38260179
2020-08-20,11312.200195,791600,21999.449219,0,1059,9608367,367.75,68444775,1338.349976,2841389,434.950012,16688938,194.75,37504602,30.950001,29287054
2020-08-21,11371.599609,668700,22299.599609,0,1085.650024,14462151,371.149994,34109928,1339.400024,2485166,440.450012,25087973,198.399994,68041871,30.9,27262948
2020-08-24,11466.450195,532900,22833,0,1117.050049,18389870,380.350006,32907235,1387.25,6029138,445.799988,18196776,201.449997,53850253,32.150002,62006584
2020-08-25,11472.25,638200,23092.150391,0,1119.699951,13800869,386.350006,53072303,1400.099976,4562237,451.799988,26273592,207.949997,105394375,31.950001,46550092
2020-08-26,11549.599609,743400,23414.199219,0,1118.449951,12595031,389.350006,37163882,1436.699951,5718648,463.350006,25914508,209.850006,66749637,32.450001,34700229
2020-08-27,11559.25,719800,23600.349609,0,1112.099976,10322998,392.200012,36910405,1420,4283571,473.049988,19544214,215.649994,80997993,31.9,29818584
2020-08-28,11647.599609,807000,24523.800781,0,1114.5,19348305,409.700012,83472297,1467.099976,10645702,509.200012,59179945,224.850006,95974037,33.650002,83118500
2020-08-31,11387.5,1371800,23754.349609,0,1115.849976,19250583,394.600006,72744175,1401.349976,6973753,496.75,55830536,212,119986476,32,75413006
2020-09-01,11470.25,783800,23812,0,1127.300049,14438942,390.950012,34872793,1430.650024,4258214,485.700012,33276725,218.100006,75048313,31.4,91336293
2020-09-02,11535,593500,23874.550781,0,1134.150024,9880841,392.399994,31295799,1423.5,3325250,484.399994,20750575,216.25,47608088,31.75,34918712
2020-09-03,11527.450195,607100,23530.849609,0,1130.900024,9916681,382.75,26135555,1396.699951,2395149,474.950012,14045705,213.149994,38594129,31.75,26927152
2020-09-04,11333.849609,681300,23011.5,0,1119.300049,11830685,372.549988,33118984,1380.050049,4101756,455.200012,29405304,206.600006,54435758,31.700001,50629717
2020-09-07,11355.049805,560300,22945.050781,245300,1110.5,8807733,373.399994,22323904,1368.75,2321547,458.700012,25967554,207.899994,35687359,31.700001,32747843
2020-09-08,11317.349609,572200,22744.400391,0,1112.449951,7312459,375.700012,32052920,1350.699951,2823869,444.350006,21052285,204.050003,34146789,30.299999,26569893
2020-09-09,11278,728900,22267,0,1096.5,7864436,367.600006,25285238,1326.150024,3443401,431.25,31657672,194.850006,72715826,29.4,42412123
2020-09-10,11449.25,679400,22466.199219,0,1090.550049,7594044,370.700012,24852274,1319.5,3289948,446.850006,34434841,198.149994,67789617,30.65,31041627
2020-09-11,11464.450195,554800,22479.949219,0,1078.650024,10397365,370.5,22678353,1330.349976,3500314,447.200012,18620781,202.699997,48487971,31.049999,27290916
2020-09-14,11440.049805,642300,22101.25,0,1057.949951,10825295,363.700012,27140598,1304.699951,3891113,440.549988,17622727,198.5,63605531,31.049999,24612203
2020-09-15,11521.799805,506700,22465.650391,0,1070.5,8252555,371.549988,24967618,1323.949951,5029913,449.549988,17328721,200.149994,51761038,32.150002,38969964
2020-09-16,11604.549805,527800,22573.550781,0,1093.650024,9355056,374.700012,22068622,1325.400024,3285887,446,20016188,198.199997,52404964,32.099998,34831360
2020-09-17,11516.099609,0,22320.349609,0,1083.599976,9159343,369,24084936,1305.099976,3308991,442.899994,14306232,195.449997,41223296,31.950001,44430533
2020-09-18,11504.950195,764200,22031.050781,0,1057.300049,11740889,369.549988,78166508,1277.099976,6529137,443.350006,20809690,192.600006,55286316,31.1,38395643
2020-09-21,11250.549805,602900,21366.800781,0,1049.300049,9921439,350.700012,28932482,1287.849976,6859791,423.350006,19013877,185.800003,57611375,29.450001,34505927
2020-09-22,11153.650391,672200,21139.099609,0,1035.400024,9310339,354.399994,28593292,1270.550049,4238325,412,27558176,186.199997,51210889,28.700001,48850235
2020-09-23,11131.849609,714900,21178.5,0,1047.25,8039914,351.850006,22740143,1275.400024,2835349,419.75,18612700,183.800003,44320497,28.450001,58804280
2020-09-24,10805.549805,706100,20456.849609,0,1030.400024,9904755,335.700012,25840472,1246.099976,5616125,402.450012,21177182,176.350006,46114798,27,36434268
2020-09-25,11050.25,559600,20982.349609,0,1044,10160772,348.649994,23231600,1253.050049,3639974,415.049988,20460096,182.199997,46550127,29.35,46588568
2020-09-28,11227.549805,472800,21665.5,0,1054.199951,8076211,363,18495592,1278.699951,1892099,439.25,19387091,187.25,41921548,30.4,33387671
2020-09-29,11222.400391,498300,21411.300781,0,1062.550049,6322223,357.049988,17080848,1263.25,2349470,426.850006,19996904,185.050003,35688726,30.049999,30160389
2020-09-30,11247.549805,499300,21451.800781,0,1078.599976,9406921,354.75,19565058,1268.199951,2950616,424.649994,18485278,185.399994,37641083,29.950001,36572003
2020-10-01,11416.950195,447700,22246,0,1106.949951,10601540,369.200012,23237122,1305.050049,3162391,443.700012,21083211,190.300003,43588724,30.35,55354651
2020-10-05,11503.349609,530600,22370.949219,0,1114.349976,8470063,373.100006,26530105,1314.599976,3860008,444.149994,24252318,188.75,41694686,30.200001,52168543
2020-10-06,11662.400391,561400,22853.699219,0,1144.099976,9685995,380.600006,18093629,1338.25,2632531,449.649994,19387351,191.600006,31098726,31.15,35098612
2020-10-07,11738.849609,513400,22964.800781,0,1162.25,10624389,382.649994,21845743,1324.699951,2834670,453.100006,19873734,190.699997,34578053,31.6,31940845
2020-10-08,11834.599609,608800,23191.349609,0,1191.800049,17530337,387.5,21085500,1320.099976,5171253,451.899994,20909290,191.5,43351606,31.5,23377130
2020-10-09,11914.200195,611100,23846.800781,0,1233.550049,22486194,401.5,41641237,1319.849976,5312676,468.049988,28048230,198.300003,64907230,31.950001,33136771
2020-10-12,11930.950195,522600,23712.800781,0,1213.650024,9610273,404.049988,25742564,1312.900024,5175139,468,21261504,198.699997,69122798,31.15,20609967
2020-10-13,11934.5,458300,23492.199219,0,1198.449951,9176976,396.25,19922778,1344.949951,4872149,461.350006,15582492,195.699997,34948525,31.4,17105611
2020-10-14,11971.049805,569200,23874.650391,0,1211.5,11291459,406.799988,23368177,1353.349976,3358021,471.299988,13984621,200.050003,40548275,31.25,19779809
2020-10-15,11680.349609,608900,23072.400391,0,1169.25,14123448,391,34234586,1309.550049,3496474,462.600006,28971494,192.850006,49184123,30.049999,21897848
2020-10-16,11762.450195,555800,23533.25,0,1199.349976,12911424,396.100006,25339096,1336.550049,2358029,472.399994,16288157,195.949997,36893126,30.700001,23681817
2020-10-19,11873.049805,541400,24266.75,0,1203.550049,21179778,417.100006,41072871,1376.699951,3970716,492.950012,28131936,204,60220779,31.75,29057276
2020-10-20,11896.799805,453600,24311.800781,0,1223.949951,13705989,414.600006,26158669,1368.800049,3228111,493.950012,21376064,203.050003,39316753,31.6,16824177
2020-10-21,11937.650391,623700,24635.050781,0,1246.699951,17820376,420.299988,43124966,1393.300049,4280446,501.450012,27029535,203.75,54515523,31.25,22921369
2020-10-22,11896.450195,544900,24484.150391,0,1233.300049,10956530,412.899994,33088074,1393.050049,3610092,510.299988,30022336,203.300003,33721637,31.75,22481053
2020-10-23,11930.349609,502300,24478.300781,0,1235.800049,7933115,416.950012,22151463,1383.050049,2385851,507.200012,18810262,202.800003,32707020,31.450001,13830910
2020-10-26,11767.75,519800,24075.449219,0,1210.900024,9785988,404.450012,21712057,1416.900024,8022388,493.350006,17446937,196.699997,45470123,30.6,23749633
2020-10-27,11889.400391,616300,24769.5,0,1233.099976,12158890,409.950012,33571163,1587.650024,33166880,508.100006,24239860,194.649994,37794381,31.1,23696995
2020-10-28,11729.599609,704000,24232.5,0,1209.599976,8285593,396.049988,28145103,1551.349976,7244983,504.700012,30343575,190.449997,46458319,30.9,19971537
2020-10-29,11670.799805,555000,24092,0,1187.199951,11530012,399.899994,32615425,1570.900024,7286029,493.850006,50934336,188.699997,44822673,30.549999,25030914
2020-10-30,11642.400391,553700,23900.900391,0,1183.550049,5761358,392.600006,27225165,1547.400024,4201984,492.5,23140833,189.25,41519686,30.6,21091250
2020-11-02,11669.150391,568400,24892.5,0,1215.25,10963040,417.450012,72698777,1580.699951,5712460,522.650024,37597227,196.050003,52600119,30.25,30651843
2020-11-03,11813.5,674300,25682.800781,0,1247.949951,14082115,443.850006,61813071,1593.599976,5260618,534.150024,25991938,204.75,69890201,30.5,22004786
2020-11-04,11908.5,667300,25771.599609,0,1257.400024,11702411,437.049988,43426662,1630.699951,5088061,525.150024,28905623,207,117577856,30.6,23009640
2020-11-05,12120.299805,632500,26313.099609,0,1269.199951,10716964,438.5,30129938,1675.449951,6074505,539.299988,23728389,218.649994,138023646,31.15,25144881
2020-11-06,12263.549805,576800,26798.949219,0,1307.650024,17852862,442.799988,27831424,1718.050049,5957659,541.75,22256961,219.199997,73147085,31.65,26654411
2020-11-09,12461.049805,553400,27534.099609,0,1340.550049,13144220,462.700012,40995422,1728.150024,5210211,565.049988,26041462,219.5,60359458,32.950001,34606695
2020-11-10,12631.099609,847500,28606,0,1393.650024,20758678,483.850006,57535138,1752.949951,8003823,583.599976,34935409,231.699997,135294550,34.299999,66128559
2020-11-11,12749.150391,880500,28845,0,1389.949951,18058097,486.549988,45609279,1807.849976,10534339,608.650024,50289937,234.199997,107094861,33.25,38209748
2020-11-12,12690.799805,622000,28278.800781,0,1371.699951,13526974,476.700012,31071572,1754.75,6775199,599.700012,34244439,226.800003,58859905,32.950001,23783588
2020-11-13,12719.950195,513900,28465.699219,0,1358.800049,11236240,485.549988,34815091,1763.300049,6264556,610.349976,28813262,229.449997,70676525,33.049999,29200787
2020-11-14,null,null,null,null,1369.699951,917533,486.899994,3636073,1770.550049,310853,613.150024,3211214,229.649994,7753219,33.700001,9760105
2020-11-17,12874.200195,707700,29181.300781,0,1408.449951,15529950,486.399994,36127378,1796.650024,5826745,628.799988,25960060,240.199997,80501583,33.599998,20216603
2020-11-18,12938.25,731300,29749.849609,0,1408.699951,9431388,497.649994,29156543,1830.599976,6175248,636.299988,24928180,252,104514060,34.299999,30806048
2020-11-19,12771.700195,768800,28903.050781,0,1374.349976,10133441,478.75,31896908,1826.349976,8717768,611.5,26525371,239.75,82284278,33.400002,27047622
2020-11-20,12859.049805,664000,29236,0,1403.650024,10202681,480.200012,30089190,1889.400024,9116266,607.849976,29556191,242.75,84411129,33.599998,19993292
2020-11-23,12926.450195,633100,29024.199219,0,1394.599976,12623318,468.25,29513544,1897.849976,10443439,595.599976,23728765,238.699997,57538324,36.849998,127801118
2020-11-24,13055.150391,571900,29737.25,0,1438.199951,20077200,478.200012,23135994,1924.900024,8949886,619.650024,30742369,243.850006,47636611,36.900002,48328341
2020-11-25,12858.400391,679000,29196.400391,0,1402.800049,12076301,472.700012,34168305,1862.449951,6837169,599.849976,35115637,243,74767232,35.799999,43434693
2020-11-26,12987,549800,29549.75,369400,1426.650024,13971563,475.299988,28707911,1889.099976,6864571,612.549988,35476456,245.449997,64248318,35.799999,31088357
2020-11-27,12968.950195,1162400,29609.050781,0,1440.849976,8997290,473.350006,48390771,1907.099976,78702124,601.599976,29921076,244.25,54355703,36.75,35515776
2020-12-01,13109.049805,583600,29817.849609,0,1433.300049,8573787,485.100006,20120049,1875.849976,7955798,603.650024,21285697,248.050003,37003272,37.099998,23224844
2020-12-02,13113.75,717700,29463.150391,0,1406.949951,8946075,480.450012,21244707,1814.199951,7458011,608.099976,19070722,246.949997,56723083,36.799999,33101193
2020-12-03,13133.900391,713700,29448.75,0,1377.199951,18966611,481.850006,22701738,1821,4462528,602.700012,17746316,256.299988,79266442,36.950001,22994163
2020-12-04,13258.549805,640500,30052.400391,0,1385.599976,13456161,502.049988,39547014,1846.25,3989431,614.5,20019707,263.5,79252024,37.099998,31749332
2020-12-07,13355.75,591700,30211.550781,0,1372.25,12158159,510.450012,37778332,1820.550049,6032173,619.25,24658169,269.600006,76053084,36.75,34565048
2020-12-08,13392.950195,543200,30261.900391,0,1376.300049,9728948,508.399994,19339943,1833.800049,3953436,620.650024,16005349,271.899994,65617502,37.049999,24302015
2020-12-09,13529.099609,502600,30709.400391,0,1407.199951,11034537,511.5,21272782,1883.550049,4370644,634.200012,22000284,270.350006,48495641,38.650002,41122932
2020-12-10,13478.299805,553400,30510.349609,0,1385.849976,9863983,506.950012,20419020,1903.300049,4695216,627.049988,16126862,269.549988,38676657,37.599998,38075316
2020-12-11,13513.849609,787700,30604.849609,0,1382.800049,10678192,515.450012,25335765,1920.400024,5466598,613.25,17950692,272.450012,50255223,37.450001,35136784
2020-12-14,13558.150391,558400,30745.900391,269000,1372.150024,8611025,525.799988,26369591,1939.349976,3456971,615.900024,14567480,274.200012,31946501,37.75,15159919
2020-12-15,13567.849609,497600,30691.050781,279400,1391.300049,10780718,518.049988,26969145,1951.150024,4141898,607.099976,22311290,270.649994,34890948,37.75,19420642
2020-12-16,13682.700195,462200,30698.400391,0,1410.699951,8416046,512.450012,24263586,1952.550049,2764698,606.099976,14860853,269.399994,24844177,37.75,14987280
2020-12-17,13740.700195,416000,30847.050781,0,1441.800049,10962239,510.399994,23883288,1965.449951,3460370,605.400024,14598759,267.700012,25904699,37.400002,22083576
2020-12-18,13760.549805,519400,30714.650391,0,1411.349976,11497959,517.150024,21735833,1949.349976,3371676,609.5,17301814,271.450012,29816205,36.950001,22980485
2020-12-21,13328.400391,687300,29456.449219,0,1372.650024,11880912,494.5,29157759,1920.849976,3941511,582.5,18580262,254.699997,55160758,34.25,38446940
2020-12-22,13466.299805,696200,29625.949219,0,1373.099976,11425779,500.299988,32328041,1902.949951,5073744,589.75,19896386,257.450012,51189571,34.599998,42476231
2020-12-23,13601.099609,458700,29883.300781,0,1375.650024,7733697,503.600006,19205951,1920.75,2340819,592.450012,12247401,263,29056404,35.900002,20477842
2020-12-24,13749.25,471400,30402.199219,0,1397.099976,7476094,513.549988,17576807,1960.599976,3337164,610.200012,15488083,266.850006,28585509,35.900002,18306842
2020-12-28,13873.200195,403600,30880.949219,0,1412.849976,5849597,520.099976,14470472,1988.900024,2743069,617.650024,8444506,275.200012,36870242,36.950001,22885983
2020-12-29,13932.599609,439600,31322.5,0,1427.199951,7247673,528.799988,19092649,1999.300049,3152865,630.200012,13765454,277.899994,45032526,36.700001,18963239
2020-12-30,13981.950195,380700,31303.050781,0,1432.5,8108363,528.75,21365141,2017.949951,2657431,625.099976,10262221,276.899994,30971894,36.650002,19633682
2020-12-31,13981.75,452400,31264.050781,0,1436.300049,11072875,535.049988,27817770,1995.599976,2794829,620.450012,12306502,274.950012,29467966,37.049999,25499169
2021-01-01,14018.5,358100,null,null,1425.050049,4405469,527.5,13592625,1994.050049,1106099,623.799988,6047062,279.399994,24531791,37.400002,12858049
2021-01-04,14132.900391,495000,31212.449219,0,1416,7870096,531.700012,16549750,1965.550049,3141429,624.700012,14068156,281.049988,31450608,38.599998,48722834
2021-01-05,14199.5,492500,31722.25,0,1426.699951,7193412,537.25,23311516,1959.75,3263230,664.450012,37973963,281.75,27393072,39.700001,54314659
2021-01-06,14146.25,632300,31797.900391,0,1420.550049,11067025,546.700012,28178838,1970.400024,3452515,654.25,20829645,285.049988,40765708,41.400002,80681106
2021-01-07,14137.349609,559200,31956,0,1416.25,9947421,541.099976,21138034,1952.400024,3419317,671.099976,17887570,287.700012,30546600,45.799999,201972764
2021-01-08,14347.25,613500,32084.199219,0,1431.650024,6884382,542.049988,21937965,1970.699951,3262897,672.700012,12272794,286,32543357,44.400002,74289673
2021-01-11,14484.75,672900,31998.900391,0,1451.449951,8665696,544.700012,19394393,1938.150024,2995521,666.950012,7928365,282.5,29703173,44.450001,39358606
2021-01-12,14563.450195,929600,32339,0,1481,10194078,548,16388310,1903.449951,6035580,675.700012,13301893,292.5,44307145,47.150002,90521255
2021-01-13,14564.849609,874000,32574.650391,0,1470.650024,8467325,556.5,21920297,1882.099976,5583130,687.799988,15645903,306.799988,78042133,46.049999,56558691
2021-01-14,14595.599609,620200,32519.75,0,1468.75,6148583,553.299988,13330898,1892.650024,4803638,676,9337503,307.25,40123498,46.25,29310346
2021-01-15,14433.700195,789600,32246.800781,0,1466.650024,7082618,543,15708956,1863.900024,2715164,674.849976,12339771,303.850006,35307601,48.450001,99486620
2021-01-18,14281.299805,762000,31811.75,396800,1483.099976,21412816,533.150024,21580313,1846.949951,5004628,657,13460603,294.450012,54969750,46.650002,51656962
2021-01-19,14521.150391,546100,32424.849609,354800,1503.849976,8680127,546.450012,20575358,1887,4805514,668.75,9010539,298.600006,35803901,50.150002,72082670
2021-01-20,14644.700195,623100,32543.699219,0,1492,6673026,551,16097138,1883.599976,3041448,675.75,9980614,302.549988,33759304,51.450001,98044307
2021-01-21,14590.349609,704600,32186.900391,0,1474.800049,13166527,552.700012,18189277,1857.800049,5668862,675.849976,15849438,294.850006,29995203,49.700001,55907468
2021-01-22,14371.900391,776800,31167.25,0,1443.550049,7696182,533.799988,24515997,1828,4298175,644.5,21392223,283.700012,44440810,49.5,55567022
2021-01-25,14238.900391,618600,31198.400391,0,1462.849976,10172359,538.049988,23415249,1794.400024,6610138,658.400024,21325345,280.950012,34034630,48.049999,37299052
2021-01-27,13967.5,660700,30284.550781,0,1409.599976,11778138,522.349976,28049286,1764.699951,7892319,632.099976,24462588,275.649994,39211107,47.799999,37095806
2021-01-28,13817.549805,637900,30358.300781,0,1371.449951,21352223,528.25,29836591,1722.849976,6035924,670.700012,64303975,282.350006,48717297,47.900002,50095946
2021-01-29,13634.599609,753200,30565.5,0,1390.5,14352251,537,33172808,1712.949951,5140687,662.900024,31273252,282.100006,42300984,47.200001,42499626
2021-02-01,14281.200195,870500,33089.050781,0,1476.75,13185272,603.799988,69354326,1801.5,4829210,709.349976,30648270,310.700012,103414068,46.599998,91266329
2021-02-02,14647.849609,915000,34267.898438,672200,1560.550049,21210103,617.349976,42362384,1861.300049,5871337,714.200012,28703320,333.100006,121434166,47.700001,56064941
2021-02-03,14789.950195,869500,34758.449219,605200,1574.800049,10118627,622.349976,27155908,1852.199951,4289395,733.799988,23541361,335.950012,66420168,47.650002,28568238
2021-02-04,14895.650391,884700,35344.800781,0,1579.099976,12242342,628.299988,29982222,1910.400024,9641674,743.900024,20490289,355.100006,145203439,49.049999,41320998
2021-02-05,14924.25,935600,35654.5,0,1597.599976,13527358,614.150024,32015570,1982.699951,16268336,719.599976,31121503,393.100006,214955688,48.299999,61029118
2021-02-08,15115.799805,671200,35983.648438,0,1605.25,8723790,629.599976,18230551,1957.150024,4021475,736.150024,15662890,397.049988,79389205,49.150002,25004704
2021-02-09,15109.299805,713300,36056.5,0,1611.849976,9210683,633.349976,27155615,1949.150024,2230923,742.5,22307807,394.799988,63869990,50,79600142
2021-02-10,15106.5,624800,35783.101563,0,1581.75,9894003,632.150024,23967387,1952.050049,2860941,734.799988,15140744,392.25,54163507,50.549999,39925669
2021-02-11,15173.299805,500100,35752.101563,0,1572.349976,6824309,630.650024,16072702,1961,2246777,740.099976,11897710,390.149994,36392708,52.549999,68713073
2021-02-12,15163.299805,571800,36108.898438,0,1581.949951,4955053,647.599976,19049709,1951.050049,1690753,750.400024,15668442,393.149994,53589755,52.099998,45538017
2021-02-15,15314.700195,456000,37306.25,0,1616.599976,5177622,673.950012,27155194,1985.949951,2930435,794,20648115,406.950012,56608937,54.099998,63488266
2021-02-16,15313.450195,648500,37098.398438,0,1626.650024,6948679,658.349976,24966739,2019.650024,5480183,775.049988,23968943,402.350006,80365431,53.849998,46908035
2021-02-17,15208.900391,504800,36910.949219,0,1586.5,6397213,657.349976,21684753,1989.449951,4395224,777.75,16956357,411.75,74161370,56.400002,84077529
2021-02-18,15118.950195,770600,36587,0,1554.300049,7360280,644.650024,27845347,1945.449951,3538208,777,19685663,415.200012,67154539,58.099998,64960498
2021-02-19,14981.75,712200,35841.601563,0,1539.099976,8569754,624.049988,24055811,1938.75,2735683,749.650024,15634787,399.549988,66155518,62.400002,261417989
2021-02-22,14675.700195,609900,35257.199219,0,1548,14725919,609.849976,27092321,1949.599976,3853276,719.450012,18123202,389.5,52535049,61.5,105148761
2021-02-23,14707.799805,744100,35116.949219,0,1529.150024,9119953,616.299988,23534585,1872.949951,5572402,715.950012,16804763,395.600006,45462768,61.400002,61275241
2021-02-24,14982,403800,36452.300781,272900,1606.449951,7157166,641.099976,17762047,1911.199951,3821416,749.400024,11207286,406.25,39632090,63.799999,39413798
2021-02-25,15097.349609,803900,36549,455900,1606.400024,10054785,628,38571809,1895.5,5622516,770.650024,26635119,407.25,46988836,64.699997,70565771
2021-02-26,14529.150391,1103600,34803.601563,0,1534.400024,13956423,597.75,57349273,1780.349976,8400096,724.799988,31306177,390.149994,64450414,63.450001,53553669
2021-03-01,14761.549805,507300,35296,0,1558.900024,6768009,608.349976,21527318,1845.400024,3260044,728.549988,14301187,394.950012,29677890,63.450001,33031626
2021-03-02,14919.099609,621700,35419.699219,0,1568.199951,8055019,610.5,24051433,1844.650024,3837149,731.25,14503453,394.200012,30534337,64.5,39385820
2021-03-03,15245.599609,544200,36368.050781,0,1586.849976,5611205,632.099976,21036174,1899.5,2875618,753.950012,13603791,405.049988,46268223,67.099998,65259145
2021-03-04,15080.75,534900,35802.5,0,1552.050049,8145719,620.75,25057198,1897.699951,4022514,736.799988,16896947,395.649994,43603653,68.199997,55584200
2021-03-05,14938.099609,640700,35228.148438,0,1530,8722911,609.450012,26645968,1922.5,5407986,730.75,16358252,383.649994,72179228,66.800003,55030398
2021-03-08,14956.200195,0,35275.75,0,1519.5,7558525,608.049988,19632433,1915.849976,4698010,743.299988,13898556,389.600006,39147858,67.25,32067602
2021-03-09,15098.400391,675300,35865.648438,0,1562.5,7533348,625.099976,23056249,1978.949951,7918345,745.450012,18951683,387.600006,28054083,66.650002,27400447
2021-03-10,15174.799805,404600,35938.300781,0,1555.75,5527508,625.599976,15838994,1963.949951,2761470,760.75,13377990,387.700012,22677399,66.849998,22266796
2021-03-12,15030.950195,493200,35496.648438,0,1551.949951,7815602,612.849976,21757862,1935.150024,2620265,750.599976,16343307,381.100006,35336355,66.949997,33728099
2021-03-15,14929.5,467500,35182.550781,0,1528.650024,6115193,603.5,24347946,1918.650024,2643553,744.400024,22466579,383.899994,42722585,65.25,36991895
2021-03-16,14910.450195,100,34804.601563,0,1512.150024,6861183,594.950012,17925629,1903.199951,2769224,737.75,11358574,378.549988,38196452,63.400002,31183061
2021-03-17,14721.299805,100,34229.25,0,1495.349976,10532214,589.5,20214082,1868.349976,2694994,727.900024,12380976,368.149994,33143064,60.900002,32300124
2021-03-18,14557.849609,542200,33856.800781,0,1491,9032770,578.599976,22776537,1830.400024,2197575,718.75,12261544,367.100006,39405038,59.400002,43275173
2021-03-19,14744,919200,34161.601563,0,1497.5,10617510,586.650024,29162618,1834.150024,4803016,726.25,20377672,371.149994,60309145,60.349998,65794214
2021-03-22,14736.400391,459000,33603.449219,0,1469.150024,7007816,573.450012,21755401,1822.650024,2434097,716.200012,14802230,367,28461974,59.450001,37193196
2021-03-23,14814.75,474200,34184.398438,0,1500.150024,9880714,586.400024,29486417,1812.650024,4250856,730.549988,15949688,372.700012,41032380,61.349998,38827727
2021-03-24,14549.400391,456400,33293.25,0,1478.800049,8184450,567.5,24434219,1782.449951,3046161,706.400024,14379147,359.850006,42318999,58.75,37223856
2021-03-25,14324.900391,606800,33006.449219,0,1463.349976,11982178,571.549988,27170186,1762.900024,4113013,694.599976,21179280,355.200012,57495003,57.200001,49179913
2021-03-26,14507.299805,481000,33318.199219,0,1491.300049,6010629,578.549988,20724410,1771.050049,3310757,698.200012,13143312,357.200012,40718848,57.700001,30706356
2021-03-30,14845.099609,594500,33875.101563,374200,1553.699951,12803822,591.450012,28011943,1781.25,5575524,695.349976,25965218,360.799988,39405124,58.25,38676946
2021-03-31,14690.700195,463900,33303.898438,0,1493.650024,15387253,582.099976,20119972,1753,3798383,697.450012,14924620,364.299988,38651025,55.700001,68707873
2021-04-01,14867.349609,445000,33858,0,1486.75,17881881,594.400024,15631940,1804.550049,3802652,713,13090326,370.649994,31883453,57.049999,49970187
2021-04-05,14637.799805,509700,32678.849609,0,1449.599976,8003293,571.25,23260127,1759.199951,2448241,685.25,16239521,353.549988,51743981,54.299999,48364592
2021-04-06,14683.5,475300,32501.349609,0,1440.25,7537867,565.900024,23284697,1768.300049,2873045,677.900024,12062011,350.549988,44147709,55.299999,39222862
2021-04-07,14819.049805,0,32991.199219,0,1447.199951,12544090,577.650024,23984399,1792,3158142,688.25,14433515,358.549988,48023602,57.799999,55841387
2021-04-08,14873.799805,514800,32782.851563,0,1432.800049,8806796,576.700012,19262565,1783.25,2890290,681.599976,9026398,355.600006,33370259,57.450001,55092435
2021-04-09,14834.849609,504100,32448.050781,0,1421.75,14078908,566.200012,23239564,1799.25,3139384,668.200012,12509114,353,46473100,55.799999,77981063
2021-04-12,14310.799805,650200,30792,0,1367.050049,11274564,538.549988,26601702,1742.5,3328336,635.599976,14649541,328.850006,75501713,50.549999,86053992
2021-04-13,14504.799805,605100,31771.599609,0,1400.349976,9300341,560.599976,25445897,1775.849976,3118742,661,12737650,341,49773360,54.049999,62994327
2021-04-15,14581.450195,568000,32112.849609,0,1430.099976,17222492,575.200012,37614884,1773.25,3546886,668.849976,15195951,342.700012,52992349,52.450001,54496776
2021-04-16,14617.849609,577200,31977.449219,0,1428.650024,7803263,566.950012,24045008,1764.099976,2912279,669.200012,12242522,339.899994,37766793,53.650002,52746258
2021-04-19,14359.450195,512300,31208.400391,0,1412.400024,12034621,559.75,28526176,1700.75,3865423,648.150024,17292072,331.149994,53304377,50.700001,56663464
2021-04-20,14296.400391,467400,31112.699219,0,1391.400024,11593135,559.099976,24425842,1697.699951,3317008,651.75,12296248,329.5,41296147,50.650002,35191058
2021-04-22,14406.150391,524600,31782.599609,368400,1422.5,19242656,579.200012,34942633,1736.050049,3590444,658.700012,19385102,336.649994,49105833,51.200001,36063732
2021-04-23,14341.349609,498100,31722.300781,0,1414.150024,11356764,569.950012,33749097,1734.199951,1893450,671.349976,19167768,336.450012,44223940,51.099998,43148063
2021-04-26,14485,452700,32275.150391,0,1404.800049,15085476,591.099976,62584522,1759.650024,3253062,700.450012,21646184,344.299988,49234985,52.25,36590967
2021-04-27,14653.049805,451800,32735.349609,0,1438.699951,10296453,598.75,24239685,1750.300049,4533360,699.549988,46559967,353.049988,46003023,53.349998,29330756
2021-04-28,14864.549805,457000,33722.800781,0,1476.800049,12051970,621.349976,33292864,1811.449951,4174599,708.150024,54060587,363.399994,56696255,54.650002,33115115
2021-04-29,14894.900391,517500,33714.5,0,1472.5,12039276,621.450012,34537860,1805,3960095,719.400024,25939327,359.399994,63692926,54.799999,42609774
2021-04-30,14631.099609,613900,32781.800781,0,1412.300049,17616451,600.5,23653258,1748.800049,2621783,714.900024,23011654,353.5,53832840,54.700001,35247446
2021-05-03,14634.150391,448900,32465.75,351000,1414.449951,11236850,596.75,18010557,1725.449951,5593869,702.75,13752878,350.600006,43691860,54,32646264
2021-05-04,14496.5,503400,32270.349609,786800,1388.349976,10743164,591.549988,15115127,1732.650024,4255151,700.349976,11980155,351.5,57749307,55.75,64253913
2021-05-05,14617.849609,455900,32783.699219,0,1402.599976,7210806,602.799988,17253943,1770.75,2411643,717.200012,11155033,355.399994,40872501,56.200001,29480874
2021-05-06,14724.799805,467800,32827.800781,0,1400.900024,5738522,608.200012,16949763,1788.25,2380255,715.75,9484934,355.549988,36294427,56.849998,24639694
2021-05-07,14823.150391,488000,32904.5,0,1414.75,6024167,607.099976,10941083,1780.349976,1610730,716.75,7131970,358.25,38357618,56.75,29913541
2021-05-10,14942.349609,522000,33142.398438,0,1419.849976,5530025,613.25,12060808,1809.349976,1332490,715.25,7980462,361.700012,41739324,55.349998,49348021
2021-05-11,14850.75,647400,32872.199219,0,1403.550049,7259517,609.849976,13818480,1755.449951,2955976,707.349976,12736700,364.649994,41892770,56.25,39068191
2021-05-12,14696.5,643800,32452.300781,0,1399.5,6887463,594.75,14785569,1718.849976,3181830,691.299988,10856584,367.700012,53436590,55.200001,32240853
2021-05-14,14677.799805,620700,32169.550781,0,1386.849976,5302071,597.299988,12675754,1706.650024,2937892,685,9377968,360.450012,51722170,54.200001,23847158
2021-05-17,14923.150391,546400,33459.25,0,1440.25,7560346,623.599976,20453101,1744.150024,4211441,709.25,12099197,383.100006,106555796,55.799999,32438231
2021-05-18,15108.099609,583900,33922.398438,0,1476.699951,11082640,633.200012,19242627,1755.099976,4658414,711.650024,19519055,382.25,70917710,56.049999,43106124
2021-05-19,15030.150391,569100,33685.199219,0,1458.199951,5065458,625.450012,13911576,1730.550049,2372042,716.799988,20244016,384.399994,48189573,55.549999,18399737
2021-05-20,14906.049805,480300,33334.550781,0,1432.800049,5342092,618.599976,13900762,1708.199951,2598038,705.900024,18840413,384.549988,42898608,55.150002,17218573
2021-05-21,15175.299805,572900,34606.898438,0,1497.300049,9670823,642.450012,23975898,1757.650024,4293112,730.900024,15883692,401.200012,192810772,57.25,52428351
2021-05-24,15197.700195,579800,34943.601563,0,1509.949951,11073051,647.349976,20323003,1757,3613907,741.150024,15716900,412.049988,142964052,59.25,91370325
2021-05-25,15208.450195,441500,34662,0,1478.949951,9618487,650.299988,14884778,1750.5,2201625,731.549988,11344261,412.350006,56048127,58.950001,43542130
2021-05-26,15301.450195,384000,34684.199219,0,1477.050049,6141995,652.5,14487031,1740.650024,2845100,735.099976,9081086,413.549988,52357719,57.799999,42304492
2021-05-27,15337.849609,0,35095.050781,0,1482.650024,10219748,652.25,23349546,1777.25,5339988,750.349976,23040846,425.200012,73392997,57.900002,28509870
2021-05-28,15435.650391,468100,35141.449219,0,1503.449951,8875010,643.049988,14191446,1800.75,3247009,739.849976,17149692,422.049988,65137568,59.150002,52746656
2021-05-31,15582.799805,436000,35526.648438,0,1515.849976,7830527,662.75,21786138,1807.699951,2310809,750.700012,9275086,424.350006,38291043,58.5,21775996
2021-06-01,15574.849609,409600,35337.199219,0,1511.699951,5515081,650.099976,14123196,1797,2289816,745.150024,6660243,432.549988,59299647,57.549999,23354104
2021-06-02,15576.200195,428600,35373.75,0,1504,5312008,648.349976,16025108,1783.099976,3098849,737,9973043,437.25,38657806,60.950001,76400646
2021-06-03,15690.349609,410200,35649,0,1520.550049,5143630,650.25,11805702,1814.199951,3444131,750.650024,8170508,439.649994,38909199,60.650002,37184052
2021-06-04,15670.25,414200,35291.648438,0,1500.949951,4712238,642.700012,15111572,1811.199951,1508706,742.049988,10336011,433.600006,36898769,59.799999,27777406
2021-06-07,15751.650391,394000,35443.648438,0,1499.849976,4045834,648.200012,7556341,1814.900024,1096139,751.099976,6986728,432.25,20201197,60.400002,21273020
2021-06-08,15740.099609,378200,35085.300781,0,1483.050049,4936270,642.400024,11912935,1793.550049,1331031,746.349976,6426815,427.200012,31113823,59.349998,23143614
2021-06-09,15635.349609,457900,34800.5,0,1480.300049,5111721,636.099976,15823094,1782.900024,2037714,736.75,8004726,421.450012,27784834,59.700001,57075082
2021-06-10,15737.75,298300,35131.199219,0,1481.050049,5741770,640.400024,10712418,1799.550049,1854489,744.25,7795125,432.25,27397712,60.349998,31112453
2021-06-11,15799.349609,363000,35047.398438,0,1486.349976,3602987,635.700012,9015059,1794.349976,1621928,738.450012,4840759,429.600006,26831924,60.049999,24294950
2021-06-14,15811.849609,392900,34950.601563,0,1479.449951,4440982,635.150024,10170497,1768.050049,2543002,736.25,5190670,430.350006,30106015,59.450001,31058498
2021-06-15,15869.25,323300,35247.75,0,1490.25,3784801,645.299988,11039987,1770.900024,1735824,750.900024,9686490,429.5,16413658,59.599998,16344664
2021-06-16,15767.549805,340200,35003.5,0,1484.599976,3851049,640.099976,8601339,1760.599976,2845543,749.799988,8614096,425.950012,19701175,58.549999,17315397
2021-06-17,15691.400391,357600,34605.398438,0,1466.099976,4641901,633,9720060,1766.050049,2578242,738.599976,6674329,420.25,23048331,57.799999,31056039
2021-06-18,15683.349609,640800,34558,0,1479.800049,5969030,630.400024,13820690,1760.449951,2678789,736.299988,8143792,412.899994,45748727,57.599998,38371621
2021-06-21,15746.5,351500,34871.300781,0,1488.699951,3630236,631.25,13407446,1772.050049,1279321,739.549988,6464497,419.75,33128978,58.450001,32222683
2021-06-22,15772.75,322200,34745,0,1483.800049,7183412,630.849976,15270093,1757.099976,1571743,739.349976,6727233,418.649994,28442965,58.099998,31274480
2021-06-23,15686.950195,287500,34574,0,1485.5,3922434,624.700012,10950633,1736.699951,7602349,732.349976,6154147,418.850006,27564829,57.75,23825952
2021-06-24,15790.450195,316700,34827,0,1506.25,7392512,634.049988,12815724,1737.900024,3595393,739.150024,5313822,417.200012,19214547,56.900002,26522173
2021-06-25,15860.349609,314600,35364.648438,0,1515.099976,5191588,649,14785922,1735,9577645,761.349976,11170037,428.799988,29886797,58.25,23214704
2021-06-28,15814.700195,255100,35359.449219,0,1508.349976,4678393,650.299988,12093491,1733.050049,3500507,762.400024,7672743,426.75,29370660,56.950001,62728541
2021-06-29,15748.450195,360300,35010.300781,0,1502.050049,5485846,640.099976,12225470,1705.849976,10394662,751.950012,7500655,421.5,22275961,55.849998,34793174
2021-06-30,15721.5,262400,34772.199219,0,1497.900024,4839511,630.900024,14276494,1705.849976,8822099,748.299988,5459970,419.200012,18337773,54.200001,83663383
2021-07-01,15680,224900,34684,164000,1486.75,8455721,630.849976,10517081,1716.099976,2988386,746.450012,5695690,420.399994,16161469,54.200001,21943782
2021-07-02,15722.200195,254800,34809.898438,165600,1480.400024,7413518,640.25,10999396,1715.150024,2242551,750.650024,3557647,424.399994,16423811,54,21461733
2021-07-05,15834.349609,207000,35212,0,1495.449951,3686941,647.849976,7358568,1731.099976,1887671,760.349976,4680089,432.649994,16483761,54.450001,53052248
2021-07-06,15818.25,391400,35579.148438,0,1534.699951,8834516,650.299988,9209891,1755.349976,3692222,758.349976,5529485,429.75,20195278,53.599998,29815431
2021-07-07,15879.650391,329300,35771.300781,0,1539.5,4814595,654,7741559,1761.800049,2726182,762.900024,3573368,432.850006,14473774,53.950001,25431944
2021-07-08,15727.900391,307900,35274.101563,0,1520.449951,4210461,641.900024,10782941,1732.300049,2208015,754.400024,4188267,424.450012,21433043,53.200001,23279657
2021-07-09,15689.799805,243200,35071.949219,0,1502,5347921,638.549988,7069698,1720.050049,1698166,747.349976,5782119,423.75,16844494,53.75,27549328
2021-07-12,15692.599609,216300,35198.898438,0,1487,7229489,646.25,6992783,1731.949951,1737065,753.599976,4475466,427.450012,12886781,54,31165770
2021-07-13,15812.349609,246700,35673.398438,0,1501.849976,9089071,664.950012,19825411,1747.150024,2066639,770.75,9810976,429.100006,12831125,54,17529321
2021-07-14,15853.950195,0,35668.25,0,1499.150024,4894247,664.349976,11648541,1748.150024,2158984,770.049988,5621924,431.049988,12767351,53.799999,11392522
2021-07-15,15924.200195,284900,35907.648438,0,1520.699951,5219401,667.450012,8244429,1750.050049,1950556,774.150024,4239868,431.700012,11030732,53.400002,17801340
2021-07-16,15923.400391,276300,35751.800781,0,1522.349976,2585314,660.299988,9212875,1749.5,1838050,771.150024,2913553,430,8713863,54.049999,28228859
2021-07-19,15752.400391,242100,35079.199219,0,1471,12555800,655.900024,9121737,1722.800049,2146337,755.200012,5554486,427.899994,14426686,52.599998,27211665
2021-07-20,15632.099609,274300,34415.449219,0,1443.150024,12087125,641.900024,13169127,1702.650024,2143859,745.75,5815740,420.899994,14623321,51.200001,27810263
2021-07-22,15824.049805,265300,34677.300781,0,1448.699951,6603557,655.950012,13123569,1707.199951,1858253,746.75,7876163,422.049988,11799761,52.150002,44082639
2021-07-23,15856.049805,294100,35034.398438,0,1442.75,6563342,676.650024,19298083,1722.949951,1995800,755.400024,6604465,428.899994,17704661,51.150002,40559304
2021-07-26,15824.450195,267100,34949.699219,0,1434.550049,6583583,676.75,31054759,1740.599976,3939095,756.299988,7890992,423.299988,14037519,51.200001,29656773
2021-07-27,15746.450195,311000,34797.449219,0,1439.75,11200715,677.450012,12598869,1697.949951,4301131,731.700012,15441543,429.950012,24119619,50.75,21005505
2021-07-28,15709.400391,318600,34532.898438,0,1417.300049,10335171,685.049988,18367497,1652.849976,5052755,722.900024,11102486,425.5,17636515,50.700001,21729596
2021-07-29,15778.450195,401600,34691.5,0,1418.25,6851115,687.5,11043138,1641.650024,2994265,717.25,6855673,441.549988,35263606,51.950001,40156418
2021-07-30,15763.049805,400000,34584.351563,0,1426.449951,5827744,682.5,14536250,1654.800049,3222001,708.900024,10358450,431.799988,35196813,52,27367559
2021-08-02,15885.150391,244800,34710,0,1422.650024,6629393,681.400024,9348206,1665.099976,2590976,721.150024,6823345,434.899994,16926025,51.849998,94162013
2021-08-03,16130.75,341300,35207.449219,0,1434.699951,6016560,690.400024,10162609,1685.650024,3230140,738.599976,9265839,446.5,40922962,51.700001,27378933
2021-08-04,16258.799805,427300,36028.050781,0,1465.300049,11026974,714.650024,28730606,1749.949951,7004160,753.799988,9744349,456.950012,129761158,49.75,42703575
2021-08-05,16294.599609,418200,35834.75,0,1484.849976,9411204,702.450012,17774554,1771.75,6052092,749.299988,7246991,441.850006,58595639,47.799999,99132575
2021-08-06,16238.200195,320100,35809.25,0,1492.650024,6669635,697.650024,14701949,1777.199951,3640469,740.849976,6522599,435.649994,38236066,49.200001,49850352
2021-08-09,16258.25,240500,36028.949219,0,1503.900024,5499024,702.849976,8602980,1780.900024,1596886,755.5,6064688,433.399994,22196404,47.400002,39426913
2021-08-10,16280.099609,288000,36034.101563,201200,1507.650024,7419173,700.900024,10843554,1813.25,4594848,761.549988,8309248,426.450012,27794251,45.849998,43933750
2021-08-11,16282.25,277900,35806.398438,200200,1494.949951,6292893,693.549988,9748084,1780.599976,3101903,760.799988,6429468,428.049988,23827946,46.900002,55571095
2021-08-12,16364.400391,280200,35937.050781,122300,1501.400024,4298837,701.349976,8840339,1787.699951,1641690,757.349976,3572081,427.149994,16847144,45.900002,31912922
2021-08-13,16529.099609,321900,36169.351563,125800,1526.199951,8329214,704.799988,12787590,1788,1839917,759.900024,4239376,431.200012,20908992,45.5,24863835
2021-08-16,16563.050781,254000,36094.5,87300,1530.599976,3126389,702.650024,7920846,1782.349976,1553661,762,3967629,424.850006,17608693,44.849998,16981980
2021-08-17,16614.599609,297400,35867.449219,118300,1514.650024,4141333,701.200012,8669653,1788.349976,1419337,756.75,5576110,421.5,22957877,44.150002,23591111
2021-08-18,16568.849609,251800,35554.5,140500,1513,11492966,688.299988,11069373,1749.699951,2763653,754.400024,5370460,419.700012,17668574,44.650002,33532201
2021-08-20,16450.5,350800,35033.851563,181200,1514.75,6575203,680.700012,13121808,1703.550049,5643242,740.25,6092036,406.700012,25541790,41.799999,48646738
2021-08-23,16496.449219,275600,35124.398438,174200,1524.599976,5421527,682.700012,10917371,1716.849976,3093169,736.099976,3614761,409.5,26559937,40.950001,42182140
2021-08-24,16624.599609,275400,35712.101563,173600,1558.849976,9190657,694.450012,9821388,1704.900024,4707971,746.349976,4537435,417.600006,19012313,42.900002,38981298
2021-08-25,16634.650391,265900,35586.25,144300,1557.400024,3863987,691.049988,9535359,1697.199951,2913810,739.049988,6726509,416.25,16410980,42.549999,30243270
2021-08-26,16636.900391,253500,35617.550781,136400,1554.800049,5559501,698.799988,10756731,1697.5,4382577,746.349976,6492155,410.75,15897679,42.200001,22442384
2021-08-27,16705.199219,217400,35627.800781,120900,1548.449951,3191069,699.75,9135827,1713.550049,3661315,752.400024,5841967,412.450012,15090541,42.5,25065857
2021-08-30,16931.050781,283500,36347.648438,150400,1568.25,4524583,713.650024,10797869,1735.849976,2561253,784.049988,12517507,422.700012,20308691,43.450001,24515423
2021-08-31,17132.199219,464400,36424.601563,210300,1581.400024,6031288,719.049988,19760246,1753.699951,4492609,786.5,12114870,426.049988,26262421,42.950001,41496912
2021-09-01,17076.25,301900,36574.300781,181500,1579.099976,6211279,719.900024,13729351,1746.650024,7266354,798.900024,19972195,429.899994,18776721,44.450001,31044253
2021-09-02,17234.150391,242400,36831.300781,118900,1589,4809262,725.150024,8627956,1776.400024,5763844,802.700012,6799617,429.75,14372717,44.900002,20603198
2021-09-03,17323.599609,261400,36761.148438,155600,1576.050049,5367667,724.299988,8993813,1791.849976,4845134,798,7509746,431.399994,14233624,45.650002,32446332
2021-09-06,17377.800781,228000,36592.351563,88600,1565.699951,3938448,721.150024,5329995,1774.550049,1901931,800.799988,4539192,431.049988,10694099,45.150002,12844249
2021-09-07,17362.099609,243400,36468.800781,124500,1569.25,3622748,716.900024,6242711,1764.849976,2922837,787.849976,6926921,429.100006,14928735,46.400002,36580052
2021-09-08,17353.5,252700,36768.199219,175800,1576.400024,3362040,720.950012,7118011,1815.349976,15249557,794.700012,5903035,431.350006,22817464,46.150002,48977773
2021-09-09,17369.25,241500,36683.199219,83600,1568.599976,4125474,720.25,6243422,1817.849976,3642925,790.150024,4909325,432.299988,9662128,46.900002,18657990
2021-09-13,17355.300781,241100,36471.800781,82200,1555.550049,4479582,707.400024,6967906,1840.050049,3271615,788.349976,4814443,432.850006,9567921,46.849998,19601326
2021-09-14,17380,230400,36613.050781,109300,1548.550049,4879253,707.450012,5241865,1867.75,4168080,794.400024,6301208,433,9981562,47.950001,23597971
2021-09-15,17519.449219,388200,36852.25,177900,1546.800049,7411499,714.349976,5936741,1871.699951,4814023,791.400024,4075592,443.850006,22181568,48.650002,39497470
2021-09-16,17629.5,503300,37668.601563,423100,1559.949951,5130275,727.200012,13557169,1906.800049,4128783,802.599976,15446511,463.700012,42637448,50.950001,86642328
2021-09-17,17585.150391,508300,37811.949219,335100,1582.150024,10249051,720.150024,17075003,2007.949951,14638489,807.349976,14641298,454.100006,41529478,49.150002,54635302
2021-09-20,17396.900391,339100,37145.699219,152000,1559.849976,4390805,710,7943459,2001.449951,5881089,795.849976,6306484,437.450012,18376916,47.849998,26594830
2021-09-21,17562,363600,37235.851563,154000,1551.949951,7387498,711.849976,10009615,2010.949951,3866888,795.349976,7833561,438.799988,17279588,48.5,28439822
2021-09-22,17546.650391,295200,36944.648438,106400,1533.699951,5291101,703.349976,9740470,1985.550049,1911809,788.349976,4359142,438.850006,14321143,48.5,16221167
2021-09-23,17822.949219,320500,37771.699219,139100,1570,6832152,717,10412491,2024,2989107,812.150024,9043492,449.799988,20516770,48.5,22327222
2021-09-24,17853.199219,360100,37830.300781,138400,1601.550049,10403351,722.950012,11780868,2028.099976,2114888,798.049988,5184626,440.75,10731274,47.099998,32377216
2021-09-27,17855.099609,295700,38171.25,113000,1625.099976,8207731,730,7712240,2033.349976,1830064,796.950012,7715259,446.600006,11746892,46.849998,19134961
2021-09-28,17748.599609,398000,37945,201000,1615.050049,6386895,717.150024,13491800,2068.199951,3899267,789.200012,7369680,444.899994,19241170,46.25,35617298
2021-09-29,17711.300781,562200,37743,260500,1593.849976,8131518,709.5,11453404,2030.449951,3420314,782.150024,14241004,460,38635938,48.299999,35169381
2021-09-30,17618.150391,378600,37425.101563,235100,1594.949951,7987674,700.849976,18487517,2005.5,4572748,766.549988,9178187,453,26530369,47.650002,31089569
2021-10-01,17532.050781,305800,37225.898438,189200,1582.699951,5564298,692.349976,10935810,1993.550049,3373978,768.150024,6089895,451.649994,14777309,47.349998,22538570
2021-10-04,17691.25,295800,37579.648438,146400,1585.75,3525514,700.200012,8976533,1990.949951,2043053,779,5845527,463.149994,16246765,47.650002,18145338
2021-10-05,17822.300781,427000,37741,153100,1595.449951,5128589,697.099976,7497208,1982.349976,2719807,782.599976,3945224,464.700012,16487568,47.950001,27725232
2021-10-06,17646,395800,37521.550781,204200,1614.900024,9300415,689.5,13200810,1955.75,2979275,778.950012,5092479,457.200012,19056690,47,33384578
2021-10-07,17790.349609,419900,37753.199219,136400,1610.5,5632862,702.200012,10041549,1952.449951,2222130,777.099976,6622698,457.899994,9984651,47.799999,22843316
2021-10-08,17895.199219,324100,37775.25,168200,1602.650024,3622781,703.400024,9383924,1936.349976,1937834,781.950012,4295686,458,16521128,48,17902092
2021-10-11,17945.949219,375800,38293.800781,136100,1633.800049,6540424,713.299988,9337637,1975.400024,2376167,787.150024,4417455,469.25,20686981,47.799999,15812924
2021-10-12,17991.949219,355600,38521.5,201300,1629.599976,4088473,708.599976,7376091,1995.099976,1890902,797.150024,5098502,483,33763609,49.099998,42144888
2021-10-13,18161.75,506700,38635.75,205900,1639.400024,3112822,709.950012,6357766,2009.349976,1742478,794.599976,4381414,481.700012,17638983,48.900002,25541340
2021-10-14,18338.550781,538700,39340.898438,249600,1687.400024,7378644,727.299988,8950350,2017.800049,1652356,802.049988,7157116,490.600006,23431826,49.400002,28300125
2021-10-18,18477.050781,469900,39684.800781,580000,1670.300049,14428228,745.450012,15345601,2011.599976,2166779,813.299988,11014585,497.950012,20084248,50.950001,57006355
2021-10-19,18418.75,368200,39540.5,274900,1688.699951,4493770,747.450012,11349799,2035.349976,1695203,801.650024,10633732,488.200012,20645100,48.599998,38440401
2021-10-20,18266.599609,371300,39518.199219,236900,1673.849976,5454284,745.849976,12762996,2015.449951,1794893,804.799988,9023067,499.899994,34080545,48.650002,24487806
2021-10-21,18178.099609,365900,40030.199219,271300,1676.300049,4869095,755.5,12166996,2143.75,9495518,807.799988,7405639,502.950012,20808243,49.700001,28207463
2021-10-22,18114.900391,324700,40323.648438,370500,1680.75,6087777,759.299988,13248928,2171.399902,5931826,816.700012,10646970,502.950012,24080485,50,51806072
2021-10-25,18125.400391,418700,41192.398438,476800,1657,8213383,841.700012,96124084,2154.5,6777262,845.099976,29193770,506.5,35619415,49.349998,35793918
2021-10-26,18268.400391,341400,41238.300781,437100,1652.75,6045328,829.400024,16925115,2210.949951,10669001,841.900024,16771909,512.549988,21107457,52.849998,93312958
2021-10-27,18210.949219,335200,40874.351563,322800,1642.800049,6624821,835,22898400,2188.25,4550568,787.5,39606414,519.150024,29463032,52.349998,54458200
2021-10-28,17857.25,374200,39508.949219,512700,1593.599976,8898875,798.700012,18750423,2098.5,3102289,758.349976,19320926,501.350006,28140401,49.549999,45736440
2021-10-29,17671.650391,336500,39115.601563,341300,1582.849976,6203437,802.049988,15701200,2031.150024,4666345,742,21343427,502.149994,31355893,49.5,34084382
2021-11-01,17929.650391,281200,39763.75,203200,1605.300049,4061160,803.900024,11406421,2076.5,1966588,752.349976,11694854,515.700012,20679604,50.549999,38273556
2021-11-02,17888.949219,296400,39938.449219,265000,1606.75,6618861,800.950012,9452457,2076.649902,1536206,755.849976,11812106,521.700012,26797820,52.200001,46448494
2021-11-03,17829.199219,331000,39402.050781,267500,1581.449951,5103669,785.950012,11839149,2037.550049,2067291,750.599976,10529505,527.650024,80775924,50.549999,32618616
2021-11-04,17916.800781,48500,39573.699219,38800,1593.949951,548404,782.099976,3149310,2057,205177,752.950012,793433,530.450012,9796046,51.099998,5553485
2021-11-08,18068.550781,338900,39438.25,212900,1600.25,9471790,780.150024,13967995,2118.850098,2121996,751.049988,13872770,523.25,36802110,51.349998,22060504
2021-11-09,18044.25,270200,39368.800781,203500,1572.25,6347738,786.549988,10084357,2097.199951,1777573,745.049988,12120207,529.150024,25451967,52.25,25791926
2021-11-10,18017.199219,261400,39023.25,167900,1555.25,6857063,780.900024,9507347,2076.050049,1445788,749.349976,10844883,524.400024,15805538,51.900002,28829408
2021-11-11,17873.599609,232100,38560.199219,146000,1548.300049,3999702,771.450012,9221059,2054.100098,1547153,738.049988,6195359,509.600006,23086898,50.900002,29709250
2021-11-12,18102.75,249100,38733.351563,136000,1553,7457046,776.599976,15380106,2074.699951,1434428,736.049988,9372897,511.350006,19836221,51.650002,25653038
2021-11-15,18109.449219,280400,38702.351563,112300,1557.25,4766797,773.299988,10934583,2097.300049,1819328,733.25,12849161,506.549988,13328183,51.200001,15609863
2021-11-16,17999.199219,267400,38307.101563,129100,1548,4122703,764.049988,12785837,2082.850098,1545107,726.150024,8978763,495.100006,19553216,50.25,18590175
2021-11-17,17898.650391,295700,38041.550781,139300,1530.800049,3799439,761.299988,11657214,2053.100098,1446763,712.349976,18083445,498.149994,20488483,49.5,19215873
2021-11-18,17764.800781,278400,37976.25,238700,1539.400024,4576437,762.900024,20644385,2024.449951,2793199,706.349976,13458109,503.799988,22471070,48.599998,20806010
2021-11-22,17416.550781,356400,37128.800781,209500,1515.349976,7630636,752,20403786,1955.449951,2748329,686.400024,16741079,486.399994,28800269,47.200001,27256824
2021-11-23,17503.349609,308800,37272.800781,188700,1515.550049,5617607,751.849976,24913042,1982.900024,3229625,685.650024,16575348,493.049988,20000371,48.75,25946290
2021-11-24,17415.050781,298100,37441.949219,157600,1518.050049,15401143,760.200012,23186419,2011.400024,1947483,685.150024,11463429,493.149994,13963769,48.75,20007706
2021-11-25,17536.25,255900,37364.75,140800,1525.949951,5125826,751.049988,17749726,2035.099976,3164428,679.900024,9760486,490.549988,12894211,48.549999,18019952
2021-11-26,17026.449219,356300,36025.5,211400,1489.900024,9312468,722.200012,18987552,1964.300049,2647553,661.75,10252753,470.5,26305817,46.349998,33477019
2021-11-29,17053.949219,348900,35976.449219,187200,1501.25,6495498,718.400024,15878074,2019.599976,4171900,651.099976,12084376,465.100006,22407465,45.150002,30245454
2021-11-30,16983.199219,498000,35695.300781,227300,1493.550049,12610771,714.349976,23965914,1961.900024,4265816,655.650024,24699809,460.549988,23026652,44.599998,28492638
2021-12-01,17166.900391,295500,36364.898438,173900,1504.650024,4338817,727.700012,15214913,1953.349976,2585693,679.599976,16184200,475.299988,17156956,46.299999,26725826
2021-12-02,17401.650391,279900,36508.25,131700,1525.75,5601555,722.400024,21924640,1964.25,1932929,676.099976,8612601,477,12962679,46.950001,18082012
2021-12-03,17196.699219,292500,36197.148438,138900,1513.550049,4062347,716.299988,20130259,1914.199951,3491724,673,9505985,473.149994,16653993,47.25,25835346
2021-12-06,16912.25,231700,35735.898438,136000,1503.800049,3514766,709.549988,20129080,1885.199951,3081336,663.099976,8022785,465.299988,14353300,46.599998,20249903
2021-12-07,17176.699219,254100,36618.398438,146700,1525.699951,6213767,734.650024,30513303,1937.150024,7344475,687,15123987,476.700012,13644942,47.799999,18513544
2021-12-08,17469.75,257800,37284.699219,165000,1553.800049,7647767,753.400024,33432411,1920.449951,5125595,697.099976,11670826,491.549988,20397660,48.599998,17200743
2021-12-09,17516.849609,237200,37082.449219,123200,1526.849976,5873872,755,16007459,1916.349976,4654453,693.950012,7021395,488.649994,12560970,49.5,21345219
2021-12-10,17511.300781,204500,37105.648438,170900,1522.550049,3889692,758,7627774,1896.75,3054922,688.049988,5549743,494.700012,13261408,52.099998,59234374
2021-12-13,17368.25,256600,36925.25,157300,1511.150024,5161071,754,16855546,1873.099976,4085110,704,13634563,487.799988,14047645,51.099998,26730470
2021-12-14,17324.900391,271000,36893.949219,132200,1502.449951,4595550,758.650024,17488089,1840.400024,10111252,710.900024,8612512,488.549988,11642447,50.799999,17818067
2021-12-15,17221.400391,215000,36789.550781,105800,1500,5057574,752.25,7358740,1867.400024,5305747,712.5,7692888,484.799988,8639835,50.200001,20110257
2021-12-16,17248.400391,219500,36548.648438,112700,1500.099976,6605216,741.150024,14123215,1860.75,3054462,709.650024,7309187,481.149994,11107781,49.700001,13682975
2021-12-17,16985.199219,354600,35618.648438,152100,1473.050049,7497384,728.299988,13227787,1793.800049,2935126,688.900024,7844705,467.799988,12648603,48.049999,23325459
2021-12-20,16614.199219,330600,34439.851563,200100,1425.650024,10578334,709.950012,16900016,1742.5,3269179,674.349976,9934646,449.200012,22336114,45.599998,28563917
2021-12-21,16770.849609,241000,34607.851563,159600,1441.800049,4559375,720.349976,14563335,1736.550049,2264231,665.849976,10116104,446,16617447,45.75,19564228
2021-12-22,16955.449219,207900,35029.5,128600,1445.199951,4288742,732.799988,9843359,1762.400024,3453839,669.349976,7489534,455.850006,13102553,48.049999,24558054
2021-12-23,17072.599609,197000,35191.148438,114200,1444.099976,4889583,731.299988,9994049,1775.599976,1919649,678.799988,6884683,461.799988,14471377,47.700001,14539248
2021-12-24,17003.75,182600,34857.050781,132500,1438.900024,2780512,727.099976,8800690,1748.400024,2271570,667.5,6028893,456.950012,13221159,46.900002,17261052
2021-12-27,17086.25,144800,35057.898438,335100,1450.800049,2352549,736,7955163,1773.449951,1653833,672.150024,6996729,458.049988,8856482,46.400002,32401196
2021-12-28,17233.25,176000,35183.800781,181600,1460.800049,2725339,735.799988,17833655,1774.900024,1285671,675.450012,4645547,461.200012,8832210,47.400002,31274391
2021-12-29,17213.599609,161700,35045.398438,122500,1453.849976,3834351,735.700012,7143073,1764.199951,1411908,670.5,3969894,454.399994,11757303,47.400002,22842564
2021-12-30,17203.949219,320800,35063.601563,328000,1461.5,3607959,735.700012,14326182,1755.25,2498395,668.849976,5119705,451.700012,28879190,47.5,51556636
2021-12-31,17354.050781,167000,35481.699219,210300,1479.400024,3162868,740.150024,6973055,1796.099976,2212892,678.549988,5586980,460.450012,10005842,48.349998,48768010
2022-01-03,17625.699219,200500,36421.898438,219000,1519.650024,4534592,764.700012,9653095,1824.449951,1985109,696.349976,8550860,470.799988,13124509,49.650002,33785136
2022-01-04,17805.25,247400,36840.148438,190500,1528.550049,4428676,772.849976,12114437,1852.599976,2635575,709.150024,9705906,483.5,23296671,49.299999,30079665
2022-01-05,17925.25,251500,37695.898438,237400,1564.849976,7166319,788.049988,19741360,1922.150024,4208167,726.900024,11312955,492.399994,24694169,49.799999,29817214
2022-01-06,17745.900391,236500,37490.25,199000,1539.75,4814465,785.049988,13018067,1891.900024,2258030,730.299988,7955578,491.700012,18190843,49.799999,21692204
2022-01-07,17812.699219,239300,37739.601563,183300,1550.550049,5589692,793.25,12250210,1904.25,2303351,730.599976,10454143,491.25,22746330,49.200001,22329620
2022-01-10,18003.300781,232400,38347.898438,206500,1559.150024,4428248,810.75,10905080,1947.949951,2862087,742.799988,9595787,503.649994,15832274,49.799999,22812760
2022-01-11,18055.75,220200,38442.199219,159500,1565.900024,4194599,810.650024,9982061,1936.800049,2714019,743.25,7252279,505.950012,16107950,49.299999,24714529
2022-01-12,18212.349609,245000,38727.550781,156100,1556.650024,10542765,823.75,13034848,1956.599976,2149396,746.849976,5294563,510.25,14489616,49.5,21733382
2022-01-13,18257.800781,303700,38469.949219,159200,1528,20981948,824.700012,9372244,1926.349976,1487152,740.700012,5196538,511.350006,10450974,49.799999,19992641
2022-01-14,18255.75,229500,38370.398438,148600,1545.150024,5604484,820,7552844,1938.199951,1828762,721.700012,16302342,508.350006,8724574,49.200001,15892843
2022-01-17,18308.099609,266700,38216.148438,140300,1521.5,11494686,819.299988,6722700,1937.449951,1676473,712.650024,19680557,514,17422211,49,19823854
2022-01-18,18113.050781,227500,38210.300781,168800,1529.25,6170576,823.099976,10835146,1942.150024,2081456,725.200012,24055886,506.799988,12592506,47.75,22624694
2022-01-19,17938.400391,276700,38041.351563,165300,1518.449951,7158813,808.599976,16416144,1905.650024,1521702,729.599976,7746270,515.799988,16079457,48.950001,23614427
2022-01-20,17757,258100,37850.851563,149600,1509,7598923,810.25,13567654,1892.599976,1489821,728.900024,8505400,511.399994,17724642,47.75,23702927
2022-01-21,17617.150391,277600,37574.300781,157800,1521.599976,5768847,804.5,12078277,1893.75,1753896,712.5,10689060,502.700012,16947941,46.700001,23898789
2022-01-24,17149.099609,323800,36947.550781,231000,1486.650024,5934254,798.450012,29612316,1830.900024,2547434,704.599976,8812501,494.149994,20233933,44.549999,31463513
2022-01-25,17277.949219,326500,37706.75,267500,1488.050049,6797124,801.650024,19513184,1854.650024,2569065,752.200012,38088158,514.650024,21791739,45.200001,40380942
