DATE,HDFCBANK,ICICIBANK,SBI,KOTAKBANK
2016-10-24,615.728,250.735,258.209,785.642
2016-10-25,609.272,254.877,256.736,784.844
2016-10-26,603.911,245.316,254.085,809.74
2016-10-27,610.149,250.515,250.796,804.85
2016-10-28,613.536,243.95,253.349,817.573
2016-11-01,613.901,242.628,254.282,803.802
2016-11-02,607.249,239.588,246.524,802.256
2016-11-03,611.538,237.694,241.221,804.252
2016-11-04,606.055,237.738,238.472,797.915
2016-11-07,608.857,245.58,248.144,800.111
2016-11-08,611.221,249.546,248.095,810.039
2016-11-09,609.735,248.003,255.313,820.317
2016-11-10,623.038,257.828,276.229,817.473
2016-11-11,621.698,243.554,268.078,813.831
2016-11-15,611.44,237.694,273.184,787.837
2016-11-16,606.372,234.566,272.203,768.878
2016-11-17,599.477,235.843,272.448,774.566
2016-11-18,590.316,233.156,270.828,777.56
2016-11-21,584.127,230.16,252.71,761.045
2016-11-22,583.81,231.482,252.71,767.931
2016-11-23,577.329,233.464,253.987,764.488
2016-11-24,567.949,228.486,257.031,740.49
2016-11-25,579.546,229.191,256.245,750.518
2016-11-28,577.183,224.961,248.979,748.523
2016-11-29,574.405,225.093,248.144,743.783
2016-11-30,584.565,233.993,253.692,753.811
2016-12-01,583.42,228.354,251.041,743.334
2016-12-02,579.449,228.662,249.519,721.98
2016-12-05,582.982,229.852,252.268,728.217
2016-12-06,582.056,229.984,254.429,732.408
2016-12-07,575.794,227.957,250.992,732.757
2016-12-08,584.517,231.526,255.214,747.026
2016-12-09,583.932,236.548,261.843,743.633
2016-12-12,577.183,233.376,258.897,728.267
2016-12-13,578.06,232.98,261.352,729.364
2016-12-14,572.919,229.587,258.16,726.221
2016-12-15,573.358,229.367,260.615,723.178
2016-12-16,576.135,225.225,259.977,717.54
2016-12-19,573.431,226.547,256.638,718.089
2016-12-20,575.94,221.701,249.961,716.792
2016-12-21,575.014,223.155,250.746,718.239
2016-12-22,571.652,222.89,245.296,711.603
2016-12-23,578.06,221.921,244.658,710.206
2016-12-26,572.578,218.661,239.797,709.508
2016-12-27,577.548,223.419,244.265,710.605
2016-12-28,578.304,221.833,243.283,711.503
2016-12-29,587.294,221.26,243.185,711.852
2016-12-30,587.782,224.961,245.689,718.139
2017-01-02,583.347,222.009,239.208,713.249
2017-01-03,579.839,224.168,240.485,710.206
2017-01-04,577.695,221.26,238.521,694.091
2017-01-05,578.036,226.679,240.927,697.434
2017-01-06,581.666,227.472,241.467,715.295
2017-01-09,582.421,227.957,242.596,707.711
2017-01-10,591.753,229.279,243.824,711.104
2017-01-11,601.329,233.244,247.604,726.82
2017-01-12,601.816,236.46,246.72,726.371
2017-01-13,600.598,236.196,246.377,726.171
2017-01-16,607.98,237.297,251.139,729.614
2017-01-17,603.522,236.504,251.385,724.425
2017-01-18,605.519,236.548,253.692,729.514
2017-01-19,602.449,237.65,253.741,726.62
2017-01-20,602.474,232.143,246.524,721.482
2017-01-23,606.518,226.944,249.568,731.16
2017-01-24,617.678,226.591,250.305,741.737
2017-01-25,628.91,229.058,254.527,793.475
2017-01-27,629.543,239.677,261.646,783.347
2017-01-30,626.157,238.619,259.191,773.918
2017-01-31,626.985,236.989,255.656,772.471
2017-02-01,636.268,247.607,265.82,775.364
2017-02-02,632.857,251.837,268.373,768.729
2017-02-03,638.875,248.092,272.546,763.64
2017-02-06,640.361,255.802,272.055,765.037
2017-02-07,636.975,253.863,272.89,771.672
2017-02-08,636.244,251.837,272.203,765.935
2017-02-09,632.345,251.132,270.877,767.98
2017-02-10,635.245,248.136,271.368,777.21
2017-02-13,638.461,248.18,266.753,791.429
2017-02-14,638.9,250.823,265.329,788.586
2017-02-15,644.308,247.387,264.101,782.599
2017-02-16,647.086,245.668,265.623,790.781
2017-02-17,671.037,249.369,264.494,794.772
2017-02-20,686.655,248.797,264.789,795.321
2017-02-21,689.798,250.955,265.82,796.169
2017-02-22,681.806,252.145,267.391,794.124
2017-02-23,679.443,250.691,265.574,809.191
2017-02-27,679.102,245.713,263.414,798.763
2017-02-28,677.396,243.51,264.347,800.36
2017-03-01,678.152,245.933,266.851,822.362
2017-03-02,672.523,245.536,262.481,814.38
2017-03-03,671.013,243.157,260.272,807.744
2017-03-06,672.84,243.862,264.985,817.174
2017-03-07,675.496,243.201,262.972,815.228
2017-03-08,678.419,241.791,265.034,823.111
2017-03-09,679.394,240.998,268.324,823.659
2017-03-10,682.269,238.399,267.145,827.102
2017-03-14,687.435,253.114,269.698,834.336
2017-03-15,690.31,251.264,272.35,842.319
2017-03-16,690.675,250.691,274.265,849.553
2017-03-17,694.817,247.255,269.207,846.41
2017-03-20,699.812,242.364,268.962,852.746
2017-03-21,702.175,239.721,267.44,857.685
2017-03-22,697.278,233.508,262.677,860.33
2017-03-23,697.278,235.227,263.659,866.267
2017-03-24,694.086,242.1,271.515,877.442
2017-03-27,687.02,240.69,274.412,869.26
2017-03-28,692.064,244.082,277.014,857.586
2017-03-29,696.157,248.664,283.25,855.74
2017-03-30,714.48,247.915,285.803,863.273
2017-03-31,702.955,243.95,288.11,870.308
2017-04-03,698.399,252.63,287.865,874.05
2017-04-05,697.985,250.999,291.989,887.92
2017-04-06,700.982,247.475,287.57,892.41
2017-04-07,701.152,244.391,284.232,871.206
2017-04-10,698.862,244.655,284.133,875.447
2017-04-11,701.469,249.942,289.191,879.139
2017-04-12,703.516,247.431,284.919,877.492
2017-04-13,701.859,249.193,286.294,877.592
2017-04-17,700.153,248.841,284.674,885.674
2017-04-18,705.27,249.722,285.066,879.737
2017-04-19,706.098,247.21,278.929,873.701
2017-04-20,712.506,240.337,279.665,887.221
2017-04-21,729.294,237.165,277.112,878.49
2017-04-24,747.056,236.725,280.893,893.807
2017-04-25,749.005,240.117,280.893,896.052
2017-04-26,755.632,243.994,281.286,898.397
2017-04-27,764.379,241.571,276.965,914.662
2017-04-28,753.61,245.404,284.526,899.993
2017-05-02,750.735,242.849,283.102,915.909
2017-05-03,752.538,240.337,284.575,914.961
2017-05-04,747.909,262.411,293.659,903.486
2017-05-05,746.642,263.071,290.664,906.33
2017-05-08,747.909,266.948,294.002,905.382
2017-05-09,748.372,264.878,291.155,904.883
2017-05-10,756.193,263.16,289.142,925.638
2017-05-11,753.561,264.525,292.726,934.768
2017-05-12,756.12,261.309,292.529,952.579
2017-05-15,756.972,265.935,295.966,971.189
2017-05-16,760.018,266.684,301.956,957.768
2017-05-17,758.8,272.94,302.104,949.137
2017-05-18,758.775,271.354,297.488,940.805
2017-05-19,760.798,270.561,302.447,935.317
2017-05-22,767.985,267.742,288.994,939.208
2017-05-23,764.623,269.68,283.642,938.21
2017-05-24,763.478,270.253,278.045,934.069
2017-05-25,788.038,279.946,284.87,954.425
2017-05-26,792.35,283.338,285.811,962.957
2017-05-29,795.225,277.478,281.402,966.449
2017-05-30,793.837,283.206,286.208,959.863
2017-05-31,797.321,287.656,285.663,963.954
2017-06-01,793.617,282.061,284.82,960.562
2017-06-02,796.371,280.342,284.424,963.156
2017-06-05,797.004,281.752,284.622,964.902
2017-06-06,798.661,281.047,284.672,964.304
2017-06-07,799.562,286.114,287.892,966.549
2017-06-08,801.487,282.149,285.96,976.727
2017-06-09,812.232,283.867,285.91,982.963
2017-06-12,813.182,278.227,282.343,974.581
2017-06-13,817.056,277.434,281.253,972.087
2017-06-14,814.376,281.135,281.6,965.95
2017-06-15,811.038,279.109,281.402,960.512
2017-06-16,813.426,278.888,283.334,980.518
2017-06-19,824.951,282.501,286.208,985.408
2017-06-20,821.856,285.694,287.446,980.917
2017-06-21,827.777,284.375,288.239,989.798
2017-06-22,827.436,282.91,291.806,995.735
2017-06-23,818.007,285.108,286.307,983.063
2017-06-27,812.646,281.249,277.092,972.635
2017-06-28,812.062,283.642,273.871,970.091
2017-06-29,815.79,286.475,269.958,946.293
2017-06-30,810.394,283.447,271.147,953.677
2017-07-03,813.607,283.349,272.336,946.792
2017-07-04,811.032,282.812,270.503,956.72
2017-07-05,808.775,286.085,272.385,957.768
2017-07-06,813.386,286.964,278.429,956.022
2017-07-07,817.825,283.007,277.538,962.607
2017-07-10,822.314,284.717,282.938,965.9
2017-07-11,824.301,282.958,280.956,956.67
2017-07-12,824.718,285.596,285.019,955.173
2017-07-13,825.846,291.018,286.108,960.614
2017-07-14,824.08,291.36,288.932,975.691
2017-07-17,825.257,296.488,290.32,978.187
2017-07-18,825.846,296.879,288.338,975.591
2017-07-19,830.138,295.267,290.617,992.665
2017-07-20,839.262,293.655,288.288,978.486
2017-07-21,835.411,295.072,287.991,997.906
2017-07-24,851.133,296.049,291.855,991.416
2017-07-25,853.365,297.123,293.391,986.424
2017-07-26,857.24,303.18,293.094,985.026
2017-07-27,877.892,300.103,295.621,996.608
2017-07-28,872.422,289.308,296.364,1011.136
2017-07-31,875.317,295.609,309.641,1020.072
2017-08-01,881.595,295.609,306.173,1013.732
2017-08-02,878.873,294.877,304.885,1009.339
2017-08-03,873.134,288.869,297.801,994.861
2017-08-04,878.186,289.406,302.458,994.661
2017-08-07,877.352,293.216,308.353,996.359
2017-08-08,872.128,288.673,300.872,986.175
2017-08-09,865.53,283.887,299.535,990.867
2017-08-10,863.568,282.079,293.986,995.26
2017-08-11,857.976,280.321,277.587,990.668
2017-08-14,861.974,285.059,275.655,981.082
2017-08-16,873.771,288.136,280.51,999.005
2017-08-17,865.996,286.378,278.281,987.473
2017-08-18,859.497,286.378,276.15,982.031
2017-08-21,855.106,286.719,272.137,968.053
2017-08-22,856.97,287.159,271.394,969.301
2017-08-23,869.455,291.702,276.448,978.586
2017-08-24,864.574,290.822,277.736,970.599
2017-08-28,864.451,293.949,276.794,974.542
2017-08-29,856.553,292.581,274.466,962.911
2017-08-30,867.542,293.362,274.07,969.85
2017-08-31,871.417,291.164,275.209,974.493
2017-09-01,867.076,291.409,275.308,991.017
2017-09-04,858.884,290.236,275.209,976.589
2017-09-05,861.066,290.725,274.02,986.873
2017-09-06,863.298,288.527,271.741,994.612
2017-09-07,866.56,285.889,271.692,991.966
2017-09-08,876.911,285.254,269.314,1005.994
2017-09-11,894.423,284.082,268.471,1004.945
2017-09-12,900.236,284.473,270.948,1020.172
2017-09-13,903.498,285.254,270.899,1018.574
2017-09-14,902.296,286.915,271.692,1006.044
2017-09-15,906.981,284.863,269.016,1003.498
2017-09-18,912.622,286.231,267.926,1015.479
2017-09-19,907.349,287.843,265.35,1032.753
2017-09-20,906.932,283.838,267.58,1021.62
2017-09-21,902.149,278.367,266.044,1027.561
2017-09-22,894.791,270.698,259.455,1020.322
2017-09-25,882.846,273.043,256.383,997.956
2017-09-26,879.192,276.218,255.888,992.465
2017-09-27,871.441,270.015,248.109,978.087
2017-09-28,880.664,269.575,250.24,1003.697
2017-09-29,885.765,270.21,251.528,1000.702
2017-10-03,887.31,271.968,249.001,1004.995
2017-10-04,881.497,269.721,250.884,1027.86
2017-10-05,882.282,265.521,249.298,1031.205
2017-10-06,883.018,265.667,254.401,1037.895
2017-10-09,880.762,265.472,254.5,1048.328
2017-10-10,884.293,263.567,254.599,1054.02
2017-10-11,878.137,261.418,249.447,1042.238
2017-10-12,892.191,261.369,248.902,1055.966
2017-10-13,907.888,265.032,249.794,1080.678
2017-10-16,911.003,267.914,249.744,1080.828
2017-10-17,908.109,267.572,248.852,1076.934
2017-10-18,916.571,257.071,241.52,1094.207
2017-10-19,906.711,251.893,240.529,1076.085
2017-10-23,914.02,256.484,243.7,1059.911
2017-10-24,915.884,260.392,252.122,1064.054
2017-10-25,880.565,298.638,321.928,1008.989
2017-10-26,880.688,292.337,317.568,1017.326
2017-10-27,878.579,294.193,308.204,1027.411
2017-10-30,890.327,293.607,309.146,1027.311
2017-10-31,887.139,293.167,303.003,1023.467
2017-11-01,893.368,306.16,316.924,1022.768
2017-11-02,893.81,309.335,311.474,1017.975
2017-11-03,898.029,308.602,322.027,1013.932
2017-11-06,896.998,308.797,325.99,1008.19
2017-11-07,894.595,305.232,314.298,1011.735
2017-11-08,895.698,298.442,306.718,1009.838
2017-11-09,896.63,304.108,310.83,1003.797
2017-11-10,893.761,311.142,330.499,991.866
2017-11-13,889.616,306.99,328.022,993.164
2017-11-14,884.122,306.844,326.089,997.657
2017-11-15,883.092,308.211,321.977,1009.938
2017-11-16,886.746,311.582,330.35,1015.879
2017-11-17,895.502,317.589,334.413,1021.62
2017-11-20,901.683,311.191,329.954,1038.943
2017-11-21,905.656,312.51,327.625,1028.259
2017-11-22,910.071,311.533,332.233,1024.665
2017-11-23,903.989,312.07,331.886,1020.521
2017-11-24,908.183,309.872,329.359,1028.759
2017-11-27,911.199,309.677,332.579,1034.849
2017-11-28,915.026,305.964,328.963,1028.259
2017-11-29,918.925,307.576,325.891,1024.665
2017-11-30,909.311,300.445,317.419,998.755
2017-12-01,906.613,298.198,309.889,1003.598
2017-12-04,899.696,297.221,310.731,996.409
2017-12-05,893.0,298.198,316.181,998.306
2017-12-06,884.588,292.581,309.542,998.106
2017-12-07,887.703,298.735,313.506,1000.053
2017-12-08,902.787,303.571,310.236,1007.442
2017-12-11,905.73,304.255,315.487,1006.942
2017-12-12,892.731,300.494,315.537,998.855
2017-12-13,893.442,295.951,310.434,1013.333
2017-12-14,901.634,297.319,311.128,1023.068
2017-12-15,918.999,296.147,309.394,1028.509
2017-12-18,921.697,301.764,315.983,1021.62
2017-12-19,924.419,306.453,316.874,1019.773
2017-12-20,916.399,308.504,314.595,1011.136
2017-12-21,916.473,308.162,313.852,1008.989
2017-12-22,920.569,309.286,316.924,1008.49
2017-12-26,916.497,310.8,314.249,1014.68
2017-12-27,910.807,305.574,311.97,1012.484
2017-12-28,921.256,308.016,305.579,1003.198
2017-12-29,918.484,306.746,307.065,1008.64
2018-01-01,909.703,303.131,304.291,998.406
2018-01-02,918.459,302.545,300.476,1001.651
2018-01-03,908.796,307.723,300.08,998.555
2018-01-04,912.352,307.43,305.678,998.855
2018-01-05,914.167,305.671,303.547,1001.501
2018-01-08,912.696,306.892,303.003,1004.546
2018-01-09,914.216,305.378,301.516,1008.19
2018-01-10,914.462,304.792,298.346,1000.702
2018-01-11,918.558,302.35,299.435,1016.078
2018-01-12,915.001,310.36,299.485,1021.769
2018-01-15,930.919,321.692,299.832,1036.746
2018-01-16,932.096,326.382,293.441,1031.654
2018-01-17,927.363,335.32,304.291,1025.514
2018-01-18,948.848,338.153,300.476,1044.884
2018-01-19,957.629,345.431,306.421,1058.912
2018-01-22,963.098,343.38,303.696,1072.441
2018-01-23,957.188,353.93,315.19,1073.789
2018-01-24,960.302,344.601,326.882,1078.432
2018-01-25,968.789,352.465,310.285,1090.663
2018-01-29,980.905,349.388,309.245,1113.378
2018-01-30,978.869,345.089,310.682,1086.37
2018-01-31,983.873,344.796,310.384,1107.237
2018-02-01,976.735,338.202,303.25,1119.219
2018-02-02,955.569,327.358,294.63,1084.273
2018-02-05,938.817,322.083,295.323,1060.609
2018-02-06,930.453,323.06,289.081,1032.203
2018-02-07,918.68,324.867,290.121,1034.699
2018-02-08,922.678,326.137,298.643,1050.126
2018-02-09,907.251,319.201,293.689,1030.406
2018-02-12,920.569,318.713,286.108,1041.339
2018-02-14,923.757,311.582,273.673,1040.84
2018-02-15,923.144,321.057,276.15,1040.54
2018-02-16,921.525,313.633,269.165,1048.578
2018-02-19,921.329,312.363,266.044,1054.569
2018-02-20,913.971,309.921,267.183,1044.185
2018-02-21,911.126,311.826,270.8,1053.421
2018-02-22,909.066,310.995,270.106,1070.844
2018-02-23,922.482,315.294,273.525,1079.181
2018-02-26,937.689,319.494,271.939,1103.443
2018-02-27,933.274,314.708,265.152,1091.362
2018-02-28,924.272,306.013,265.548,1088.866
2018-03-01,919.44,297.905,259.752,1094.008
2018-03-05,917.282,296.342,261.089,1098.301
2018-03-06,905.656,288.234,254.203,1080.778
2018-03-07,898.961,280.077,244.394,1083.424
2018-03-08,908.894,290.09,254.451,1080.628
2018-03-09,908.011,285.938,250.933,1080.778
2018-03-12,915.958,293.704,250.537,1098.9
2018-03-13,912.524,297.319,252.37,1082.226
2018-03-14,914.609,298.98,254.698,1080.079
2018-03-15,922.605,294.486,251.379,1083.973
2018-03-16,908.967,291.213,249.992,1059.112
2018-03-19,906.147,287.745,245.682,1047.38
2018-03-20,902.345,285.254,246.821,1043.686
2018-03-21,911.862,282.519,245.731,1049.477
2018-03-22,916.203,276.706,239.34,1051.424
2018-03-23,903.351,269.184,232.652,1037.196
2018-03-26,928.81,275.143,244.245,1037.745
2018-03-27,928.393,277.341,252.023,1048.229
2018-03-28,925.204,271.919,247.614,1046.182
2018-04-02,947.328,255.801,243.898,1094.856
2018-04-03,939.822,263.811,248.208,1101.596
2018-04-04,923.806,262.444,245.038,1076.635
2018-04-05,936.389,272.213,256.928,1116.573
2018-04-06,943.501,274.166,257.324,1117.471
2018-04-09,951.178,274.362,258.266,1116.523
2018-04-10,942.251,282.128,260.891,1111.93
2018-04-11,941.269,277.976,254.698,1124.361
2018-04-12,946.15,280.125,251.478,1132.848
2018-04-13,944.286,281.591,248.654,1149.322
2018-04-16,952.674,280.956,246.722,1170.29
2018-04-17,955.814,285.01,245.88,1163.051
2018-04-18,948.014,283.349,244.195,1152.168
2018-04-19,951.154,282.91,243.898,1152.118
2018-04-20,959.444,275.632,238.993,1151.07
2018-04-23,949.56,272.945,240.232,1167.195
2018-04-24,949.192,277.537,238.399,1164.199
2018-04-25,942.202,272.457,235.03,1166.046
2018-04-26,946.862,272.408,231.067,1183.869
2018-04-27,943.501,281.249,240.381,1186.914
2018-04-30,953.754,277.634,244.146,1209.229
2018-05-02,966.115,270.503,238.795,1254.909
2018-05-03,965.33,275.387,239.687,1231.645
2018-05-04,975.435,276.316,239.737,1231.545
2018-05-07,969.99,283.105,244.245,1243.127
2018-05-08,964.914,302.154,247.763,1239.932
2018-05-09,970.481,299.712,245.731,1249.218
2018-05-10,977.496,299.761,245.682,1245.573
2018-05-11,986.84,303.766,248.06,1265.343
2018-05-14,991.746,302.936,251.28,1269.636
2018-05-15,999.619,301.129,245.731,1281.867
2018-05-16,992.531,290.383,240.876,1279.421
2018-05-17,994.689,289.162,240.48,1268.737
2018-05-18,987.037,279.49,236.665,1292.401
2018-05-21,977.667,282.617,242.214,1274.678
2018-05-22,976.122,283.593,251.577,1260.75
2018-05-23,965.134,285.303,260.792,1253.411
2018-05-24,974.209,290.822,266.044,1273.48
2018-05-25,985.344,288.82,264.508,1293.849
2018-05-28,1001.777,292.337,269.561,1295.147
2018-05-29,997.068,283.203,261.882,1282.267
2018-05-30,1004.794,278.318,264.706,1301.237
2018-05-31,1056.185,279.197,267.084,1332.539
2018-06-01,1041.943,282.617,264.26,1315.964
2018-06-04,1010.151,280.125,260.594,1301.936
2018-06-05,1018.74,277.537,261.139,1302.685
2018-06-06,1015.655,277.341,267.679,1313.668
2018-06-07,1018.049,284.18,267.183,1308.426
2018-06-08,1011.706,281.591,270.503,1316.314
2018-06-11,1008.225,279.784,271.493,1321.306
2018-06-12,1008.99,280.76,280.262,1327.247
2018-06-13,1002.869,284.033,285.068,1323.603
2018-06-14,1005.806,278.172,280.015,1330.592
2018-06-15,1001.956,275.974,274.912,1337.93
2018-06-18,996.797,286.231,274.317,1313.269
2018-06-19,998.944,286.036,270.106,1301.237
2018-06-20,1015.062,286.426,270.8,1322.554
2018-06-21,1015.778,291.067,266.192,1311.921
2018-06-22,1028.49,293.704,270.552,1319.359
2018-06-25,1034.217,283.007,265.994,1325.949
2018-06-26,1033.6,281.444,264.954,1327.796
2018-06-27,1042.93,272.603,259.306,1322.155
2018-06-28,1051.94,265.13,254.649,1337.032
2018-06-29,1040.882,269.038,256.977,1340.876
2018-07-02,1023.504,270.991,256.482,1335.884
2018-07-03,1021.999,266.595,255.144,1351.06
2018-07-04,1038.463,266.937,255.095,1363.141
2018-07-05,1048.435,265.277,254.104,1362.892
2018-07-06,1044.189,263.811,254.847,1369.082
2018-07-09,1049.373,264.935,259.157,1382.961
2018-07-10,1059.616,267.084,261.337,1370.031
2018-07-11,1060.53,262.541,256.73,1385.515
2018-07-12,1069.268,266.009,260.346,1388.362
2018-07-13,1076.648,261.564,255.392,1402.897
2018-07-16,1070.699,253.261,249.298,1406.992
2018-07-17,1074.599,260.294,256.68,1399.151
2018-07-18,1074.328,256.631,257.176,1397.103
2018-07-19,1079.215,255.166,257.82,1346.006
2018-07-20,1080.672,259.659,259.108,1331.92
2018-07-23,1064.578,270.712,263.913,1335.667
2018-07-24,1066.207,271.008,264.409,1310.892
2018-07-25,1071.44,271.305,269.363,1313.539
2018-07-26,1082.424,282.171,285.068,1309.893
2018-07-27,1087.139,289.629,284.127,1309.743
2018-07-30,1071.218,303.606,294.679,1303.899
2018-07-31,1075.957,300.544,290.815,1305.498
2018-08-01,1065.689,295.654,292.4,1311.342
2018-08-02,1051.619,294.913,291.211,1278.875
2018-08-03,1047.398,301.285,296.512,1308.145
2018-08-06,1043.77,311.262,305.678,1281.473
2018-08-07,1051.964,309.336,301.269,1282.371
2018-08-08,1054.655,314.818,305.876,1286.967
2018-08-09,1045.843,328.944,314.496,1275.928
2018-08-10,1043.844,324.597,301.665,1284.17
2018-08-13,1032.588,320.943,291.459,1285.818
2018-08-14,1031.329,328.401,292.202,1291.662
2018-08-16,1024.714,330.228,290.022,1244.111
2018-08-17,1025.529,335.859,299.336,1261.943
2018-08-20,1034.834,334.328,304.836,1273.431
2018-08-21,1034.76,334.723,304.192,1262.093
2018-08-23,1026.787,333.093,299.683,1246.409
2018-08-24,1021.826,327.586,297.701,1253.202
2018-08-27,1027.059,337.26,305.182,1273.581
2018-08-28,1034.168,336.268,302.557,1283.77
2018-08-29,1026.096,338.004,306.867,1287.266
2018-08-30,1019.975,341.676,305.777,1276.727
2018-08-31,1017.556,339.939,306.768,1285.918
2018-09-03,1024.393,331.555,303.547,1267.787
2018-09-04,1012.915,325.949,293.689,1256.298
2018-09-05,1009.978,327.09,293.837,1236.869
2018-09-06,1013.113,326.097,293.738,1259.595
2018-09-07,1015.457,332.497,288.982,1243.662
2018-09-10,1007.658,330.314,282.244,1222.084
2018-09-11,987.54,324.014,280.015,1205.152
2018-09-12,993.193,320.392,282.69,1229.127
2018-09-14,1001.956,325.8,287.991,1238.267
2018-09-17,983.492,323.17,282.69,1229.127
2018-09-18,982.011,316.374,271.295,1214.042
2018-09-19,968.263,318.457,269.016,1225.63
2018-09-21,972.656,314.637,268.125,1178.979
2018-09-24,950.663,306.352,261.932,1147.511
2018-09-25,963.844,308.684,268.422,1182.125
2018-09-26,971.644,310.668,261.436,1168.19
2018-09-27,975.569,304.268,262.923,1141.268
2018-09-28,990.33,303.177,263.071,1140.419
2018-10-01,1004.844,311.561,271.345,1120.839
2018-10-03,1002.721,301.341,269.214,1097.114
2018-10-04,966.485,314.042,268.868,1073.388
2018-10-05,970.213,304.913,255.987,1051.111
2018-10-08,960.191,308.436,263.319,1103.157
2018-10-09,958.019,303.871,260.545,1107.303
2018-10-10,971.126,317.366,276.101,1136.573
2018-10-11,956.513,309.279,259.752,1114.396
2018-10-12,978.383,316.919,261.337,1165.942
2018-10-15,991.317,310.916,260.792,1169.239
2018-10-16,983.764,318.16,267.827,1174.533
2018-10-17,974.804,312.355,258.761,1174.783
2018-10-19,971.422,313.0,258.711,1197.709
2018-10-22,986.8,324.56,257.968,1162.796
2018-10-23,979.864,320.342,253.311,1173.234
2018-10-24,983.517,319.499,253.361,1175.882
2018-10-25,971.94,317.465,247.267,1184.573
2018-10-26,968.188,313.198,245.83,1157.401
2018-10-29,950.959,346.686,265.449,1136.922
2018-10-30,944.27,343.015,270.651,1122.637
2018-10-31,943.776,352.243,278.826,1117.992
2018-11-01,943.999,350.953,283.285,1108.402
2018-11-02,962.388,351.697,282.74,1132.027
2018-11-05,965.621,346.934,292.252,1128.281
2018-11-06,960.956,350.358,283.83,1124.135
2018-11-07,966.584,353.136,283.929,1133.126
2018-11-09,960.388,354.078,280.659,1134.375
2018-11-12,948.368,349.613,275.407,1152.506
2018-11-13,951.675,358.097,275.506,1164.693
2018-11-14,966.485,363.753,281.006,1128.731
2018-11-15,975.075,367.126,282.789,1161.047
2018-11-16,989.466,364.695,288.239,1167.391
2018-11-19,994.205,359.585,285.514,1174.034
2018-11-20,993.489,355.12,280.857,1168.739
2018-11-21,996.599,353.979,284.424,1175.482
2018-11-22,990.058,349.316,280.114,1169.389
2018-11-26,1011.928,353.582,283.78,1169.339
2018-11-27,1018.938,351.896,286.753,1172.336
2018-11-28,1031.403,356.212,281.947,1159.049
2018-11-29,1052.039,359.387,283.78,1211.695
2018-11-30,1050.755,352.392,282.046,1232.673
2018-12-03,1043.276,352.739,284.176,1224.831
2018-12-04,1029.577,355.17,279.965,1224.032
2018-12-05,1036.315,348.671,277.587,1210.246
2018-12-06,1035.254,344.95,273.128,1179.029
2018-12-07,1040.462,349.465,272.881,1278.326
2018-12-10,1031.156,343.66,271.692,1197.11
2018-12-11,1016.741,340.138,278.677,1217.439
2018-12-12,1029.453,347.232,282.641,1235.87
2018-12-13,1037.352,346.835,286.356,1263.092
2018-12-14,1034.587,349.167,286.554,1254.65
2018-12-17,1051.619,355.666,286.852,1221.185
2018-12-18,1054.211,359.436,290.072,1235.82
2018-12-19,1048.287,363.653,297.949,1224.382
2018-12-20,1055.198,359.337,291.36,1235.021
2018-12-21,1042.214,351.449,289.23,1225.93
2018-12-24,1027.158,350.01,290.369,1237.218
2018-12-26,1047.744,353.086,291.459,1246.858
2018-12-27,1039.203,352.888,289.477,1238.967
2018-12-28,1048.015,357.948,292.103,1240.065
2018-12-31,1047.423,357.353,293.193,1255.2
2019-01-01,1060.456,360.925,296.859,1249.156
2019-01-02,1050.78,361.768,291.211,1239.316
2019-01-03,1042.535,360.429,288.437,1233.972
2019-01-04,1045.325,362.364,294.927,1246.659
2019-01-07,1046.904,364.844,293.589,1245.31
2019-01-08,1038.191,377.197,302.507,1227.628
2019-01-09,1045.004,379.281,302.507,1236.969
2019-01-10,1040.906,376.553,302.755,1218.288
2019-01-11,1042.585,375.61,299.98,1221.934
2019-01-14,1037.525,370.45,297.652,1210.496
2019-01-15,1047.521,369.855,298.89,1212.144
2019-01-16,1046.682,372.385,300.377,1201.505
2019-01-17,1052.656,371.691,294.679,1218.688
2019-01-18,1051.644,369.111,292.252,1238.917
2019-01-21,1060.48,368.813,289.775,1266.288
2019-01-22,1054.408,366.184,287.595,1290.413
2019-01-23,1039.376,364.546,284.028,1275.179
2019-01-24,1037.821,361.967,285.415,1266.438
2019-01-25,1034.735,354.426,282.789,1264.84
2019-01-28,1028.885,340.882,279.024,1259.146
2019-01-29,1015.778,344.156,278.033,1250.105
2019-01-30,1004.473,363.058,284.82,1220.935
2019-01-31,1026.812,361.619,290.964,1254.451
2019-02-01,1031.995,351.896,281.798,1254.401
2019-02-04,1039.129,351.796,281.352,1270.883
2019-02-05,1043.646,349.911,282.046,1277.826
2019-02-06,1047.892,356.509,286.406,1278.176
2019-02-07,1045.226,355.864,284.771,1283.221
2019-02-08,1047.892,352.342,283.384,1298.055
2019-02-11,1056.284,347.331,277.934,1300.203
2019-02-12,1051.372,341.626,272.881,1297.306
2019-02-14,1041.745,341.279,264.657,1285.469
2019-02-15,1037.031,339.493,260.545,1282.322
2019-02-18,1031.724,336.119,257.572,1275.729
2019-02-19,1028.836,340.584,260.495,1279.125
2019-02-20,1040.832,342.519,265.251,1288.415
2019-02-21,1044.559,348.572,265.548,1287.816
2019-02-22,1032.489,349.316,268.471,1236.619
2019-02-25,1049.249,352.838,267.679,1239.666
2019-02-26,1041.968,345.496,263.913,1234.871
2019-02-27,1032.884,342.866,265.202,1214.891
2019-02-28,1025.627,347.43,266.589,1211.845
2019-03-01,1028.49,351.499,270.453,1224.681
2019-03-05,1040.215,360.429,273.921,1239.166
2019-03-06,1038.808,369.061,275.556,1240.016
2019-03-07,1049.792,367.92,279.173,1235.92
2019-03-08,1050.631,367.722,278.628,1237.618
2019-03-11,1050.755,372.931,284.721,1248.257
2019-03-12,1071.761,385.185,284.275,1262.043
2019-03-13,1099.184,388.856,290.468,1259.945
2019-03-14,1098.296,384.887,289.23,1267.637
2019-03-15,1112.242,392.23,295.67,1323.779
2019-03-18,1116.413,394.958,296.215,1342.26
2019-03-19,1119.524,395.306,300.278,1346.355
2019-03-20,1134.951,389.848,301.021,1350.201
2019-03-22,1123.67,388.757,295.323,1334.867
2019-03-25,1126.213,380.521,291.31,1307.296
2019-03-26,1141.048,391.039,300.724,1341.56
2019-03-27,1135.173,390.146,305.975,1331.471
2019-03-28,1136.827,397.439,316.082,1339.363
2019-04-01,1141.27,395.157,319.797,1338.014
2019-04-02,1132.902,394.065,325.99,1338.064
2019-04-03,1131.865,389.055,317.568,1332.819
2019-04-04,1127.521,385.731,318.856,1321.531
2019-04-05,1138.209,387.517,314.15,1334.568
2019-04-08,1130.211,384.094,309.938,1341.86
2019-04-09,1129.15,394.065,311.871,1340.062
2019-04-10,1104.516,391.138,308.056,1348.503
2019-04-11,1114.463,387.021,312.019,1341.81
2019-04-12,1118.289,391.535,312.366,1342.06
2019-04-15,1129.915,389.7,312.713,1372.428
2019-04-16,1137.938,403.839,312.862,1384.965
2019-04-18,1132.309,401.259,307.957,1368.233
2019-04-22,1119.992,391.436,307.214,1355.296
2019-04-23,1108.441,393.42,302.458,1353.947
2019-04-24,1125.448,397.985,307.907,1365.336
2019-04-25,1117.401,392.329,303.399,1358.992
2019-04-26,1126.04,404.037,309.641,1377.823
2019-04-30,1144.059,404.335,307.115,1385.115
2019-05-02,1162.991,392.478,305.331,1404.895
2019-05-03,1168.989,398.679,307.164,1416.333
2019-05-06,1149.489,398.183,305.926,1408.941
2019-05-07,1146.478,383.498,302.656,1406.693
2019-05-08,1139.024,379.232,295.522,1400.749
2019-05-09,1130.952,378.438,296.562,1384.066
2019-05-10,1133.716,382.109,305.232,1396.703
2019-05-13,1129.125,373.377,304.092,1387.912
2019-05-14,1129.471,377.446,311.772,1381.519
2019-05-15,1128.878,374.122,309.245,1394.356
2019-05-16,1140.702,379.529,312.862,1411.688
2019-05-17,1166.101,386.673,316.329,1458.489
2019-05-20,1200.782,404.534,341.547,1500.995
2019-05-21,1186.638,397.042,334.462,1486.36
2019-05-22,1187.65,402.202,337.98,1493.703
2019-05-23,1151.291,407.659,339.07,1498.198
2019-05-24,1171.655,428.397,352.099,1510.136
2019-05-27,1188.934,432.118,358.391,1527.817
2019-05-28,1192.809,430.927,356.756,1509.436
2019-05-29,1193.155,420.012,345.461,1512.333
2019-05-30,1204.336,422.89,350.316,1533.761
2019-05-31,1197.326,420.409,349.275,1520.575
2019-06-03,1213.0,419.615,352.198,1529.665
2019-06-04,1210.63,415.845,349.176,1529.765
2019-06-06,1196.339,408.354,333.818,1512.683
2019-06-07,1208.335,413.364,338.921,1510.236
2019-06-10,1204.657,412.868,341.15,1501.045
2019-06-11,1208.705,418.077,343.925,1506.14
2019-06-12,1198.165,414.753,340.853,1481.965
2019-06-13,1206.879,416.341,343.33,1502.444
2019-06-14,1202.139,414.505,340.655,1472.325
2019-06-17,1195.672,410.983,334.759,1458.839
2019-06-18,1193.327,418.871,336.939,1460.337
2019-06-19,1198.807,416.54,335.75,1496.25
2019-06-20,1205.265,430.034,341.993,1516.779
2019-06-21,1199.229,427.454,346.204,1488.258
2019-06-24,1201.092,426.115,349.969,1469.078
2019-06-25,1206.432,430.282,353.288,1482.365
2019-06-26,1225.904,435.243,354.874,1489.057
2019-06-27,1223.122,437.525,358.837,1480.067
2019-06-28,1213.908,433.705,357.945,1475.571
2019-07-01,1234.672,435.59,358.242,1479.667
2019-07-02,1239.366,433.358,361.166,1469.977
2019-07-03,1236.708,432.564,362.8,1473.474
2019-07-04,1233.802,432.812,364.039,1496.25
2019-07-05,1228.139,432.961,367.259,1515.63
2019-07-08,1196.944,422.592,352.05,1473.773
2019-07-09,1181.819,425.172,356.211,1461.336
2019-07-10,1186.587,427.553,350.96,1474.323
2019-07-11,1195.727,423.237,359.877,1483.413
2019-07-12,1189.145,423.733,360.274,1482.914
2019-07-15,1189.568,419.02,356.756,1507.351
2019-07-16,1187.804,421.302,361.017,1500.705
2019-07-17,1190.909,421.401,368.993,1533.838
2019-07-18,1198.087,415.398,360.323,1537.487
2019-07-19,1180.08,407.113,352.743,1498.156
2019-07-22,1141.135,409.302,347.64,1453.578
2019-07-23,1124.37,410.747,339.07,1493.259
2019-07-24,1133.014,407.307,336.493,1496.457
2019-07-25,1135.572,407.806,338.178,1484.313
2019-07-26,1131.226,414.536,339.466,1511.1
2019-07-29,1114.833,428.097,340.655,1501.754
2019-07-30,1118.782,424.108,324.554,1497.956
2019-07-31,1118.484,423.36,329.161,1518.796
2019-08-01,1106.113,415.832,314.249,1495.058
2019-08-02,1102.404,409.401,305.628,1506.852
2019-08-05,1084.929,401.474,297.503,1459.375
2019-08-06,1089.833,409.052,298.643,1484.563
2019-08-07,1087.294,407.208,287.248,1475.567
2019-08-08,1111.763,413.19,291.657,1502.004
2019-08-09,1136.083,418.923,288.685,1531.34
2019-08-13,1105.391,409.052,280.758,1510.65
2019-08-14,1109.921,416.082,287.099,1491.06
2019-08-16,1109.05,417.727,288.239,1498.206
2019-08-19,1098.67,422.164,284.226,1495.607
2019-08-20,1105.515,415.683,281.105,1504.353
2019-08-21,1108.129,410.847,274.862,1505.003
2019-08-22,1082.366,397.935,266.093,1477.516
2019-08-23,1076.69,394.246,268.62,1469.47
2019-08-26,1123.214,410.448,277.637,1512.049
2019-08-27,1125.105,417.378,283.086,1500.805
2019-08-28,1118.907,411.744,282.294,1482.914
2019-08-29,1108.677,403.219,271.989,1450.13
2019-08-30,1109.174,408.454,271.345,1430.74
2019-09-03,1100.711,391.005,265.945,1413.598
2019-09-04,1119.032,396.34,272.583,1425.742
2019-09-05,1112.759,387.864,270.8,1409.45
2019-09-06,1118.111,390.207,271.444,1440.835
2019-09-09,1119.953,394.296,275.457,1470.57
2019-09-11,1120.799,393.448,282.641,1474.468
2019-09-12,1130.532,401.524,284.424,1456.827
2019-09-13,1123.861,412.193,289.032,1483.513
2019-09-16,1117.24,410.947,282.096,1474.218
2019-09-17,1100.91,399.48,271.444,1447.581
2019-09-18,1089.161,398.184,277.835,1464.023
2019-09-19,1096.305,385.471,271.543,1451.879
2019-09-20,1194.43,416.281,298.94,1538.086
2019-09-23,1251.832,444.997,310.88,1639.786
2019-09-24,1248.397,439.613,299.832,1617.297
2019-09-25,1234.358,432.932,277.686,1600.805
2019-09-26,1237.146,450.631,279.272,1626.042
2019-09-27,1238.838,447.889,278.628,1642.684
2019-09-30,1222.16,432.434,268.323,1643.634
2019-10-01,1243.419,423.36,253.609,1647.382
2019-10-03,1218.277,426.052,251.825,1614.948
2019-10-04,1184.573,412.692,247.663,1562.374
2019-10-07,1181.785,414.885,246.821,1554.878
2019-10-09,1222.858,435.425,258.563,1611.55
2019-10-10,1195.376,422.463,251.825,1584.013
2019-10-11,1193.634,427.299,252.221,1586.962
2019-10-14,1199.21,427.598,253.113,1584.713
2019-10-15,1217.78,430.589,256.086,1614.798
2019-10-16,1215.838,434.029,253.708,1604.753
2019-10-17,1214.743,439.314,263.022,1603.754
2019-10-18,1223.704,436.522,267.183,1614.448
2019-10-22,1233.959,449.833,268.025,1628.042
2019-10-23,1236.25,453.771,272.93,1612.849
2019-10-24,1230.773,453.422,260.099,1612.399
2019-10-25,1223.704,467.73,278.974,1587.812
2019-10-29,1237.146,476.006,278.083,1574.768
2019-10-30,1242.97,469.774,287.248,1578.116
2019-10-31,1225.048,461.698,309.542,1573.719
2019-11-01,1234.706,460.9,310.682,1579.116
2019-11-04,1231.52,469.126,311.425,1570.27
2019-11-05,1234.159,466.983,316.28,1553.129
2019-11-06,1251.235,479.297,314.645,1570.27
2019-11-07,1258.254,477.153,315.24,1583.214
2019-11-08,1250.189,488.021,313.109,1599.456
2019-11-11,1259.3,495.35,315.339,1616.098
2019-11-13,1252.131,484.332,303.993,1605.003
2019-11-14,1268.41,497.194,303.201,1596.807
2019-11-15,1272.393,498.391,318.955,1621.945
2019-11-18,1256.611,496.895,322.126,1626.392
2019-11-19,1266.419,492.059,327.377,1622.994
2019-11-20,1267.863,493.555,325.792,1598.656
2019-11-21,1277.82,496.795,328.319,1594.458
2019-11-22,1259.3,495.35,326.288,1568.321
2019-11-25,1265.622,496.347,333.025,1602.854
2019-11-26,1269.555,509.209,332.431,1603.604
2019-11-27,1272.891,504.024,340.407,1617.097
2019-11-28,1259.847,517.634,346.105,1614.198
2019-11-29,1269.456,511.103,338.723,1614.398
2019-12-02,1260.295,509.408,335.403,1632.189
2019-12-03,1249.99,507.863,333.174,1645.933
2019-12-04,1246.256,527.705,338.723,1650.43
2019-12-05,1240.232,526.558,333.124,1648.481
2019-12-06,1240.68,523.268,317.073,1673.469
2019-12-09,1237.594,524.963,313.803,1658.427
2019-12-10,1244.115,527.156,310.533,1661.575
2019-12-11,1243.369,531.992,309.938,1685.713
2019-12-12,1258.155,533.787,318.906,1714.749
2019-12-13,1258.404,535.482,329.508,1691.91
2019-12-16,1251.932,537.676,328.814,1703.104
2019-12-17,1265.622,539.57,329.855,1712.45
2019-12-18,1286.781,539.819,323.959,1723.494
2019-12-19,1283.246,538.623,325.148,1728.642
2019-12-20,1291.112,544.506,334.759,1691.86
2019-12-23,1296.787,539.72,329.359,1704.054
2019-12-24,1283.595,539.52,328.418,1710.701
2019-12-26,1264.975,537.177,326.833,1693.409
2019-12-27,1269.506,547.796,334.165,1684.763
2019-12-30,1276.625,542.362,331.341,1689.561
2019-12-31,1266.618,537.327,330.697,1683.514
2020-01-01,1273.09,535.183,331.39,1673.219
2020-01-02,1281.205,539.022,336.196,1670.72
2020-01-03,1262.934,537.277,330.647,1656.277
2020-01-06,1235.602,524.165,316.082,1651.73
2020-01-07,1255.168,521.373,315.487,1670.021
2020-01-08,1251.882,524.414,316.874,1654.029
2020-01-09,1265.921,544.705,327.179,1664.224
2020-01-10,1277.172,538.673,329.211,1683.864
2020-01-13,1280.458,537.028,327.724,1690.261
2020-01-14,1283.943,536.03,324.999,1675.968
2020-01-15,1278.716,534.036,321.284,1674.768
2020-01-16,1282.101,535.582,320.342,1700.706
2020-01-17,1272.642,530.497,315.091,1697.257
2020-01-20,1249.492,533.289,311.128,1617.097
2020-01-21,1238.988,529.5,310.83,1624.293
2020-01-22,1235.503,521.324,313.258,1584.713
2020-01-23,1239.485,526.159,320.243,1605.053
2020-01-24,1239.187,532.291,321.086,1642.135
2020-01-27,1207.972,535.682,313.307,1617.547
2020-01-28,1217.929,526.658,312.217,1625.243
2020-01-29,1230.524,525.063,313.555,1639.636
2020-01-30,1220.767,530.646,307.858,1627.442
2020-01-31,1221.016,524.115,315.537,1690.91
2020-02-03,1187.66,514.045,295.373,1675.418
2020-02-04,1224.5,529.25,303.448,1697.457
2020-02-05,1239.286,537.526,308.155,1688.911
2020-02-06,1234.457,540.019,319.005,1673.169
2020-02-07,1236.847,534.884,317.618,1652.23
2020-02-10,1234.955,532.391,315.586,1668.472
2020-02-11,1235.254,538.174,321.383,1676.617
2020-02-12,1243.618,547.696,317.271,1714.049
2020-02-13,1236.05,539.421,324.454,1688.961
2020-02-14,1214.095,544.207,316.478,1680.116
2020-02-17,1211.905,540.019,311.326,1690.261
2020-02-18,1208.022,539.62,314.645,1690.161
2020-02-19,1221.911,543.209,317.419,1700.256
2020-02-20,1211.855,545.403,324.653,1685.113
2020-02-24,1204.736,528.303,319.996,1677.417
2020-02-25,1195.128,529.4,323.81,1674.968
2020-02-26,1194.082,522.171,325.198,1665.673
2020-02-27,1194.281,513.845,319.005,1681.915
2020-02-28,1172.575,495.798,300.228,1619.546
2020-03-02,1174.517,504.622,284.771,1598.206
2020-03-03,1176.707,513.247,287.198,1625.493
2020-03-04,1143.899,506.866,282.69,1607.152
2020-03-05,1146.388,503.027,285.861,1650.53
2020-03-06,1130.009,484.93,268.025,1630.24
2020-03-09,1102.528,456.414,251.131,1577.367
2020-03-11,1109.0,464.291,242.858,1588.511
2020-03-12,1016.899,424.407,210.655,1464.323
2020-03-13,1065.19,445.894,239.786,1469.32
2020-03-16,995.193,401.724,221.307,1383.013
2020-03-17,970.898,366.178,213.182,1322.043
2020-03-18,873.121,354.013,213.231,1171.368
2020-03-19,891.691,337.562,201.787,1210.249
2020-03-20,879.045,344.691,207.93,1261.723
2020-03-23,768.225,283.171,179.939,1097.705
2020-03-24,764.392,295.634,181.524,1152.328
2020-03-25,853.058,315.975,188.163,1289.51
2020-03-26,897.217,329.286,190.987,1372.269
2020-03-27,900.552,338.858,194.157,1398.406
2020-03-30,828.066,312.485,185.19,1293.058
2020-03-31,858.186,322.805,195.049,1295.407
2020-04-01,826.075,310.242,184.843,1181.064
2020-04-03,810.343,285.813,173.895,1140.284
2020-04-07,892.238,325.148,184.695,1197.455
2020-04-08,885.069,318.019,181.326,1187.061
2020-04-09,921.064,341.699,186.032,1272.268
2020-04-13,891.492,329.685,181.821,1250.279
2020-04-15,859.58,326.394,180.682,1173.167
2020-04-16,875.959,341.002,186.776,1130.289
2020-04-17,906.377,374.454,191.482,1185.661
2020-04-20,940.778,360.245,190.739,1177.165
2020-04-21,917.678,330.881,183.06,1129.589
2020-04-22,924.598,334.969,186.974,1151.578
2020-04-23,950.835,351.92,184.992,1249.03
2020-04-24,934.008,333.872,178.106,1238.935
2020-04-27,925.694,346.884,179.245,1302.953
2020-04-28,927.386,358.799,182.614,1325.992
2020-04-29,972.889,369.368,188.361,1327.191
2020-04-30,997.483,379.04,188.757,1356.526
2020-05-04,919.022,337.063,177.214,1277.166
2020-05-05,907.522,329.884,168.841,1237.735
2020-05-06,942.322,340.403,169.535,1245.332
2020-05-07,921.014,335.767,169.188,1199.205
2020-05-08,925.046,336.714,165.125,1216.846
2020-05-11,911.853,319.215,163.936,1187.86
2020-05-12,897.665,320.262,165.373,1156.626
2020-05-13,923.652,337.063,172.507,1186.111
2020-05-14,889.849,326.444,166.414,1172.518
2020-05-15,884.323,321.758,164.878,1177.715
2020-05-18,833.045,297.629,153.879,1113.097
2020-05-19,827.07,299.423,151.402,1129.889
2020-05-20,853.406,304.758,151.997,1159.524
2020-05-21,855.846,303.511,150.56,1149.679
2020-05-22,835.235,290.2,149.47,1159.624
2020-05-26,848.727,291.845,150.015,1152.628
2020-05-27,899.756,317.919,157.149,1216.946
2020-05-28,941.177,325.896,156.753,1228.84
2020-05-29,947.549,330.981,159.824,1223.392
2020-06-01,983.394,338.26,168.494,1247.78
2020-06-02,996.686,347.383,168.693,1342.234
2020-06-03,1017.845,355.808,173.3,1385.862
2020-06-04,997.383,346.834,172.458,1333.738
2020-06-05,1028.897,356.157,186.082,1337.136
2020-06-08,1011.522,358.75,185.091,1336.087
2020-06-09,983.045,347.532,182.763,1303.503
2020-06-10,987.576,351.969,185.983,1331.589
2020-06-11,964.426,340.254,175.529,1298.055
2020-06-12,978.515,343.195,177.511,1279.165
2020-06-15,945.757,330.133,172.111,1248.28
2020-06-16,986.132,341.949,171.318,1276.166
2020-06-17,975.03,340.952,171.368,1243.183
2020-06-18,1015.555,350.972,178.007,1302.703
2020-06-19,1028.897,362.738,182.812,1301.854
2020-06-22,1024.317,366.477,185.983,1354.677
2020-06-23,1037.808,375.052,190.689,1389.21
2020-06-24,1028.051,347.084,182.911,1343.233
2020-06-25,1024.317,349.975,183.555,1381.014
2020-06-26,1051.897,348.081,182.911,1339.435
2020-06-29,1071.413,342.098,177.61,1354.977
2020-06-30,1061.257,350.424,176.818,1359.775
2020-07-01,1079.926,362.987,183.109,1356.077
2020-07-02,1084.705,361.791,183.753,1351.329
2020-07-03,1069.322,359.946,183.01,1353.128
2020-07-06,1098.247,360.794,186.33,1367.221
2020-07-07,1100.388,374.952,186.875,1367.571
2020-07-08,1105.565,367.873,190.144,1352.079
2020-07-09,1120.102,369.269,197.279,1367.471
2020-07-10,1100.338,359.298,193.811,1348.68
2020-07-13,1075.595,352.568,190.937,1334.887
2020-07-14,1054.287,344.541,184.348,1297.656
2020-07-15,1048.612,344.79,182.119,1289.36
2020-07-16,1057.971,343.644,184.546,1321.994
2020-07-17,1093.716,352.767,186.478,1326.791
2020-07-20,1128.167,361.94,189.005,1318.395
2020-07-21,1133.644,377.694,192.622,1358.325
2020-07-22,1121.496,379.987,190.244,1341.684
2020-07-23,1125.529,391.105,196.436,1373.368
2020-07-24,1114.277,380.685,190.194,1349.33
2020-07-27,1074.848,357.453,185.438,1321.943
2020-07-28,1081.967,351.072,187.717,1383.363
2020-07-29,1060.012,350.025,189.451,1388.76
2020-07-30,1046.122,343.943,184.843,1384.313
2020-07-31,1028.349,345.788,189.699,1365.072
2020-08-03,997.682,342.248,190.491,1307.901
2020-08-04,1037.161,349.975,189.847,1323.293
2020-08-05,1023.122,351.172,189.699,1333.538
2020-08-06,1036.215,357.703,189.203,1339.435
2020-08-07,1039.352,356.905,188.906,1341.834
2020-08-10,1046.122,362.489,192.027,1359.525
2020-08-11,1062.053,366.278,193.266,1363.923
2020-08-12,1059.116,365.779,201.44,1334.437
2020-08-13,1054.486,366.975,200.053,1335.587
2020-08-14,1029.992,360.345,194.702,1306.801
2020-08-17,1028.3,359.148,191.334,1326.891
2020-08-18,1051.947,368.471,193.315,1368.67
2020-08-19,1062.004,373.357,195.247,1354.927
2020-08-20,1054.436,366.676,192.968,1337.686
2020-08-21,1080.972,370.066,196.585,1338.735
2020-08-24,1112.236,379.24,199.607,1386.562
2020-08-25,1114.875,385.222,206.048,1399.405
2020-08-26,1113.63,388.213,207.93,1435.987
2020-08-27,1107.307,391.055,213.677,1419.295
2020-08-28,1109.697,408.504,222.793,1466.372
2020-08-31,1111.041,393.448,210.061,1400.654
2020-09-01,1122.442,389.809,216.105,1429.94
2020-09-02,1129.263,391.254,214.272,1422.793
2020-09-03,1126.027,381.633,211.2,1396.007
2020-09-04,1114.477,371.462,204.71,1379.365
2020-09-07,1105.714,372.31,205.998,1368.071
2020-09-08,1107.656,374.603,202.183,1350.03
2020-09-09,1091.775,366.527,193.068,1325.492
2020-09-10,1085.85,369.618,196.337,1318.845
2020-09-11,1074.002,369.418,200.846,1329.69
2020-09-14,1053.391,362.638,196.684,1304.052
2020-09-15,1065.887,370.465,198.319,1323.293
2020-09-16,1088.937,373.606,196.387,1324.742
2020-09-17,1078.93,367.923,193.662,1304.452
2020-09-18,1052.744,368.471,190.838,1276.466
2020-09-21,1044.778,349.676,184.1,1287.211
2020-09-22,1030.938,353.365,184.497,1269.919
2020-09-23,1042.737,350.823,182.119,1274.767
2020-09-24,1025.96,334.72,174.737,1245.481
2020-09-25,1039.501,347.632,180.533,1252.428
2020-09-28,1049.657,361.94,185.537,1278.065
2020-09-29,1057.971,356.008,183.357,1262.623
2020-09-30,1073.952,353.714,183.704,1267.571
2020-10-01,1102.18,368.122,188.559,1304.402
2020-10-05,1109.548,372.011,187.023,1313.948
2020-10-06,1139.17,379.489,189.847,1337.586
2020-10-07,1157.241,381.533,188.955,1324.042
2020-10-08,1186.664,386.369,189.748,1319.445
2020-10-09,1228.234,400.328,196.486,1319.195
2020-10-12,1208.42,402.87,196.882,1312.248
2020-10-13,1193.285,395.093,193.91,1344.282
2020-10-14,1206.279,405.612,198.22,1352.678
2020-10-15,1164.211,389.858,191.086,1308.9
2020-10-16,1194.182,394.944,194.157,1335.887
2020-10-19,1198.364,415.882,202.134,1376.017
2020-10-20,1218.676,413.39,201.192,1368.121
2020-10-21,1241.328,419.073,201.886,1392.609
2020-10-22,1227.985,411.695,201.44,1392.359
2020-10-23,1230.474,415.733,200.945,1382.364
2020-10-26,1205.682,403.269,194.901,1416.197
2020-10-27,1227.786,408.753,192.869,1586.862
2020-10-28,1204.387,394.894,188.708,1550.58
2020-10-29,1182.084,398.732,186.974,1570.12
2020-10-30,1178.45,391.454,187.519,1546.632
2020-11-02,1210.013,416.231,194.257,1579.915
2020-11-03,1242.572,442.554,202.877,1592.809
2020-11-04,1251.981,435.774,205.106,1629.891
2020-11-05,1263.73,437.22,216.65,1674.618
2020-11-06,1302.015,441.507,217.195,1717.197
2020-11-09,1334.773,461.349,217.492,1727.292
2020-11-10,1387.644,482.437,229.58,1752.08
2020-11-11,1383.96,485.13,232.058,1806.953
2020-11-12,1365.789,475.308,224.725,1753.879
2020-11-13,1352.944,484.132,227.351,1762.425
2020-11-17,1402.38,484.98,238.003,1795.758
2020-11-18,1402.629,496.197,249.695,1829.691
2020-11-19,1368.427,477.352,237.557,1825.443
2020-11-20,1397.601,478.798,240.529,1888.462
2020-11-23,1388.59,466.883,236.516,1896.908
2020-11-24,1432.002,476.804,241.619,1923.945
2020-11-25,1396.755,471.32,240.777,1861.526
2020-11-26,1420.502,473.912,243.205,1888.162
2020-11-27,1434.641,471.968,242.016,1906.153
2020-12-01,1427.123,483.684,245.781,1874.919
2020-12-02,1400.887,479.047,244.691,1813.3
2020-12-03,1371.265,480.443,253.955,1820.096
2020-12-04,1379.629,500.584,261.089,1845.334
2020-12-07,1366.336,508.96,267.134,1819.646
2020-12-08,1370.369,506.916,269.413,1832.89
2020-12-09,1401.136,510.007,267.877,1882.615
2020-12-10,1379.878,505.47,267.084,1902.355
2020-12-11,1376.841,513.945,269.958,1919.447
2020-12-14,1366.237,524.265,271.692,1938.387
2020-12-15,1385.304,516.538,268.174,1950.182
2020-12-16,1404.621,510.954,266.936,1951.581
2020-12-17,1435.587,508.91,265.251,1964.474
2020-12-18,1405.268,515.64,268.967,1948.382
2020-12-21,1366.735,493.056,252.37,1919.897
2020-12-22,1367.183,498.839,255.095,1902.005
2020-12-23,1369.722,502.13,260.594,1919.797
2020-12-24,1391.079,512.051,264.409,1959.627
2020-12-28,1406.761,518.582,272.682,1987.913
2020-12-29,1421.05,527.256,275.358,1998.308
2020-12-30,1426.327,527.206,274.367,2016.948
2020-12-31,1430.11,533.488,272.435,1994.609
2021-01-01,1418.909,525.96,276.844,1993.06
2021-01-04,1409.898,530.148,278.479,1964.574
2021-01-05,1420.552,535.682,279.173,1958.777
2021-01-06,1414.428,545.104,282.442,1969.422
2021-01-07,1410.147,539.52,285.068,1951.431
2021-01-08,1425.481,540.467,283.384,1969.722
2021-01-11,1445.195,543.11,279.916,1937.188
2021-01-12,1474.618,546.4,289.824,1902.505
2021-01-13,1464.312,554.875,303.993,1881.166
2021-01-14,1462.421,551.685,304.439,1891.711
2021-01-15,1460.33,541.415,301.07,1862.975
2021-01-18,1476.709,531.594,291.756,1846.033
2021-01-19,1497.369,544.855,295.868,1886.063
2021-01-20,1485.57,549.391,299.782,1882.665
2021-01-21,1468.445,551.086,292.153,1856.878
2021-01-22,1437.329,532.242,281.105,1827.093
2021-01-25,1456.546,536.479,278.38,1793.509
2021-01-27,1403.526,520.825,273.128,1763.824
2021-01-28,1365.54,526.708,279.767,1721.995
2021-01-29,1384.508,535.432,279.519,1712.1
2021-02-01,1470.386,602.037,307.858,1800.606
2021-02-02,1553.825,615.548,330.053,1860.376
2021-02-03,1568.014,620.533,332.877,1851.281
2021-02-04,1572.295,626.466,351.852,1909.452
2021-02-05,1590.715,612.357,389.504,1981.716
2021-02-08,1598.332,627.762,393.418,1956.179
2021-02-09,1604.904,631.501,391.188,1948.183
2021-02-10,1574.934,630.304,388.662,1951.081
2021-02-11,1565.574,628.809,386.581,1960.027
2021-02-12,1575.133,645.709,389.553,1950.082
2021-02-15,1609.633,671.982,403.227,1984.964
2021-02-16,1619.64,656.428,398.669,2018.648
2021-02-17,1579.663,655.431,407.983,1988.463
2021-02-18,1547.602,642.768,411.402,1944.484
2021-02-19,1532.467,622.228,395.895,1937.788
2021-02-22,1541.329,608.07,385.937,1948.632
2021-02-23,1522.56,614.501,391.981,1872.02
2021-02-24,1599.527,639.228,402.534,1910.251
2021-02-25,1599.477,626.167,403.524,1894.559
2021-02-26,1527.788,596.005,386.581,1779.466
2021-03-01,1552.182,606.574,391.337,1844.484
2021-03-02,1561.442,608.718,390.594,1843.734
2021-03-03,1580.012,630.255,401.345,1898.557
2021-03-04,1545.362,618.938,392.031,1896.758
2021-03-05,1523.407,607.671,380.14,1921.546
2021-03-08,1512.952,606.275,386.036,1914.899
2021-03-09,1555.767,623.275,384.054,1977.968
2021-03-10,1549.046,623.774,384.153,1962.975
2021-03-12,1545.262,611.061,377.614,1934.19
2021-03-15,1522.062,601.738,380.388,1917.698
2021-03-16,1505.634,593.213,375.087,1902.255
2021-03-17,1488.906,587.779,364.782,1867.423
2021-03-18,1484.575,576.911,363.742,1829.492
2021-03-19,1491.047,584.937,367.755,1833.24
2021-03-22,1462.819,571.776,363.643,1821.745
2021-03-23,1493.685,584.688,369.291,1811.75
2021-03-24,1472.427,565.843,356.558,1781.565
2021-03-25,1457.044,569.881,351.951,1762.025
2021-03-26,1484.874,576.861,353.932,1770.171
2021-03-30,1547.005,589.723,357.499,1780.366
2021-03-31,1487.213,580.401,360.967,1752.13
2021-04-01,1480.343,592.665,367.259,1803.654
2021-04-05,1443.353,569.582,350.316,1758.327
2021-04-06,1434.043,564.248,347.343,1767.422
2021-04-07,1440.964,575.964,355.27,1791.111
2021-04-08,1426.626,575.016,352.347,1782.365
2021-04-09,1415.623,564.547,349.771,1798.357
2021-04-12,1361.159,536.978,325.842,1741.635
2021-04-13,1394.315,558.963,337.881,1774.969
2021-04-15,1423.937,573.521,339.565,1772.37
2021-04-16,1422.493,565.295,336.791,1763.224
2021-04-19,1406.313,558.116,328.121,1699.906
2021-04-20,1385.404,557.468,326.486,1696.857
2021-04-22,1416.37,577.509,333.57,1735.188
2021-04-23,1408.056,568.286,333.372,1733.339
2021-04-26,1398.746,589.374,341.15,1758.777
2021-04-27,1432.5,597.002,349.82,1749.431
2021-04-28,1470.436,619.536,360.076,1810.551
2021-04-29,1466.154,619.636,356.112,1804.104
2021-04-30,1406.214,598.747,350.266,1747.932
2021-05-03,1408.355,595.008,347.393,1724.594
2021-05-04,1382.367,589.823,348.284,1731.79
2021-05-05,1396.556,601.04,352.149,1769.871
2021-05-06,1394.863,606.424,352.297,1787.362
2021-05-07,1408.653,605.328,354.973,1779.466
2021-05-10,1413.731,611.46,358.391,1808.452
2021-05-11,1397.502,608.07,361.314,1754.579
2021-05-12,1393.469,593.014,364.336,1717.997
2021-05-14,1380.874,595.556,357.153,1705.803
2021-05-17,1434.043,621.779,379.595,1743.284
2021-05-18,1470.336,631.351,378.753,1754.229
2021-05-19,1451.916,623.624,380.883,1729.691
2021-05-20,1426.626,616.794,381.032,1707.352
2021-05-21,1490.848,640.574,397.53,1756.778
2021-05-24,1503.443,645.46,408.281,1756.128
2021-05-25,1472.577,648.401,408.578,1749.631
2021-05-26,1470.685,650.595,409.767,1739.786
2021-05-27,1476.261,650.346,421.31,1776.368
2021-05-28,1496.971,641.173,418.189,1799.856
2021-05-31,1509.318,660.815,420.468,1806.803
2021-06-01,1505.186,648.202,428.593,1796.108
2021-06-02,1497.519,646.457,433.25,1782.215
2021-06-03,1513.997,648.352,439.65,1813.3
2021-06-04,1494.482,640.824,433.6,1810.301
2021-06-07,1493.387,646.308,432.25,1813.999
2021-06-08,1476.659,640.525,427.2,1792.66
2021-06-09,1473.921,634.243,421.45,1782.015
2021-06-10,1474.668,638.53,432.25,1798.657
2021-06-11,1479.945,633.844,429.6,1793.459
2021-06-14,1473.074,633.296,430.35,1767.172
2021-06-15,1483.828,643.416,429.5,1770.021
2021-06-16,1478.202,638.231,425.95,1759.726
2021-06-17,1459.782,631.152,420.25,1765.173
2021-06-18,1473.423,628.56,412.9,1759.576
2021-06-21,1482.285,629.407,419.75,1771.171
2021-06-22,1477.406,629.008,418.65,1756.228
2021-06-23,1479.099,622.876,418.85,1735.838
2021-06-24,1499.759,632.199,417.2,1737.037
2021-06-25,1508.571,647.105,428.8,1734.139
2021-06-28,1501.85,648.401,426.75,1732.19
2021-06-29,1502.05,638.231,421.5,1705.003
2021-06-30,1497.9,629.058,419.2,1705.003
2021-07-01,1486.75,629.008,420.4,1715.248
2021-07-02,1480.4,638.381,424.4,1714.299
2021-07-05,1495.45,645.959,432.65,1730.241
2021-07-06,1534.7,648.401,429.75,1754.479
2021-07-07,1539.5,652.091,432.85,1760.926
2021-07-08,1520.45,640.026,424.45,1731.44
2021-07-09,1502.0,636.686,423.75,1719.196
2021-07-12,1487.0,644.363,427.45,1731.09
2021-07-13,1501.85,663.009,429.1,1746.283
2021-07-14,1499.15,662.41,431.05,1747.282
2021-07-15,1520.7,665.501,431.7,1749.181
2021-07-16,1522.35,658.372,430.0,1748.632
2021-07-19,1471.0,653.985,427.9,1721.945
2021-07-20,1443.15,640.026,420.9,1701.805
2021-07-22,1448.7,654.035,422.05,1706.353
2021-07-23,1442.75,674.675,428.9,1722.095
2021-07-26,1434.55,674.774,423.3,1739.736
2021-07-27,1439.75,675.472,429.95,1697.107
2021-07-28,1417.3,683.05,425.5,1652.03
2021-07-29,1418.25,687.5,441.55,1640.835
2021-07-30,1426.45,682.5,431.8,1653.979
2021-08-02,1422.65,681.4,434.9,1664.274
2021-08-03,1434.7,690.4,446.5,1684.813
2021-08-04,1465.3,714.65,456.95,1749.081
2021-08-05,1484.85,702.45,441.85,1770.871
2021-08-06,1492.65,697.65,435.65,1776.318
2021-08-09,1503.9,702.85,433.4,1780.016
2021-08-10,1507.65,700.9,426.45,1812.35
2021-08-11,1494.95,693.55,428.05,1780.6
2021-08-12,1501.4,701.35,427.15,1787.7
2021-08-13,1526.2,704.8,431.2,1788.0
2021-08-16,1530.6,702.65,424.85,1782.35
2021-08-17,1514.65,701.2,421.5,1788.35
2021-08-18,1513.0,688.3,419.7,1749.7
2021-08-20,1514.75,680.7,406.7,1703.55
2021-08-23,1524.6,682.7,409.5,1716.85
2021-08-24,1558.85,694.45,417.6,1704.9
2021-08-25,1557.4,691.05,416.25,1697.2
2021-08-26,1554.8,698.8,410.75,1697.5
2021-08-27,1548.45,699.75,412.45,1713.55
2021-08-30,1568.25,713.65,422.7,1735.85
2021-08-31,1581.4,719.05,426.05,1753.7
2021-09-01,1579.1,719.9,429.9,1746.65
2021-09-02,1589.0,725.15,429.75,1776.4
2021-09-03,1576.05,724.3,431.4,1791.85
2021-09-06,1565.7,721.15,431.05,1774.55
2021-09-07,1569.25,716.9,429.1,1764.85
2021-09-08,1576.4,720.95,431.35,1815.35
2021-09-09,1568.6,720.25,432.3,1817.85
2021-09-13,1555.55,707.4,432.85,1840.05
2021-09-14,1548.55,707.45,433.0,1867.75
2021-09-15,1546.8,714.35,443.85,1871.7
2021-09-16,1559.95,727.2,463.7,1906.8
2021-09-17,1582.15,720.15,454.1,2007.95
2021-09-20,1559.85,710.0,437.45,2001.45
2021-09-21,1551.95,711.85,438.8,2010.95
2021-09-22,1533.7,703.35,438.85,1985.55
2021-09-23,1570.0,717.0,449.8,2024.0
2021-09-24,1601.55,722.95,440.75,2028.1
2021-09-27,1625.1,730.0,446.6,2033.35
2021-09-28,1615.05,717.15,444.9,2068.2
2021-09-29,1593.85,709.5,460.0,2030.45
2021-09-30,1594.95,700.85,453.0,2005.5
2021-10-01,1582.7,692.35,451.65,1993.55
2021-10-04,1585.75,700.2,463.15,1990.95
2021-10-05,1595.45,697.1,464.7,1982.35
2021-10-06,1614.9,689.5,457.2,1955.75
2021-10-07,1610.5,702.2,457.9,1952.45
2021-10-08,1602.65,703.4,458.0,1936.35
2021-10-11,1633.8,713.3,469.25,1975.4
2021-10-12,1629.6,708.6,483.0,1995.1
2021-10-13,1639.4,709.95,481.7,2009.35
2021-10-14,1687.4,727.3,490.6,2017.8
2021-10-18,1670.3,745.45,497.95,2011.6
2021-10-19,1688.7,747.45,488.2,2035.35
2021-10-20,1673.85,745.85,499.9,2015.45
2021-10-21,1676.3,755.5,502.95,2143.75
